created_at,id,text,user_id,user_name,user_screen_name,user_location,user_followers_count,user_friends_count,user_created_at,user_time_zone,user_profile_background_color,user_profile_image_url,geo,coordinates,place,place.id,place.url,place.place_type,place.name,place.full_name,place.country_code,place.country,place.bounding_box.type,place.bounding_box.coordinates
Wed Mar 29 20:39:29 +0000 2017,847186469957521400,Report: Trump's Budget Might Not Have to Fund Border Wall https://t.co/WjUD63Vmen #Newsmax via @Newsmax_Media you don't know jack just paulP,798211879080493000,Geraldine Fear,FearGeraldine,,8,27,Mon Nov 14 17:11:56 +0000 2016,,F5F8FA,http://pbs.twimg.com/profile_images/814301558468935681/wnBlaQDn_normal.jpg,,,,,,,,,,,,
Wed Mar 29 20:39:29 +0000 2017,847186470771286000,FBI arrests ten people in New York City with alleged ties to Donald Trump and Russian mafia https://t.co/Wuqxx9hR21 via @PalmerReport,48166288,foxeylady,Glambert2821,Florida,552,548,Wed Jun 17 23:45:08 +0000 2009,Eastern Time (US & Canada),C0DEED,http://pbs.twimg.com/profile_images/378800000822834152/ecc4430a1a60dce46d857c5216e1988f_normal.jpeg,,,,,,,,,,,,
Wed Mar 29 20:39:29 +0000 2017,847186470557364200,Trump political groups split over Mercer money https://t.co/F1bAbAYbph #Politics #Trump #USA,759414372984721400,US Government Report,USGovReport,United States,448,12,Sat Jul 30 15:44:30 +0000 2016,Eastern Time (US & Canada),F5F8FA,http://pbs.twimg.com/profile_images/821564873624559617/acaYXbtY_normal.jpg,,,,,,,,,,,,
Wed Mar 29 20:39:29 +0000 2017,847186471354114000,"1 of Every 3 days trump' waste, fraud &amp; abuse Robbing USA puts $$$ in a trump property. Where's GOP outrage 4 such corruption?! #Resist",2256033301,Just*m,just_bf,Planet Earth,1113,1419,Sat Dec 21 05:24:57 +0000 2013,,0099B9,http://pbs.twimg.com/profile_images/775018641670574080/QlIhRoF8_normal.jpg,,,,,,,,,,,,
Wed Mar 29 20:39:29 +0000 2017,847186470792319000,RT @TLBJames: This is EXACTLY the bigoted-GOP-emboldening I knew Trump's coup-by-EC-victory would cause.

And EXACTLY why we're g… ,11920902,TLBTim,TLBTim,"DFW, Tx",418,321,Sun Jan 06 23:04:48 +0000 2008,America/Chicago,B2DFDA,http://pbs.twimg.com/profile_images/671747493873356801/SyfOo7E8_normal.jpg,,,,,,,,,,,,
Wed Mar 29 20:39:29 +0000 2017,847186471350145000,This incredible fact should get you psyched about solar power — no matter what Trump does https://t.co/UcOmGuY37G,347766240,Digitally Contented,DContented,Worldwide,4430,430,Wed Aug 03 09:44:58 +0000 2011,Taipei,FFFFFF,http://pbs.twimg.com/profile_images/830249085839880192/kWFSYUaA_normal.jpg,,,,,,,,,,,,
Wed Mar 29 20:39:29 +0000 2017,847186471228510200,"Uh huh . . . 😏😏😏#wednesdaywisdom 
NYTimes: Ivanka Trump, Shifting Plans, Will Become a Federal Employee  https://t.co/oRjSXj4ebq",17931044,LBoogiePopWorld,lboogie81,"ÜT: 25.90602,-80.340303",614,3293,Sat Dec 06 23:10:44 +0000 2008,America/New_York,DBE9ED,http://pbs.twimg.com/profile_images/663587549173018624/UiWF0NI7_normal.jpg,,,,,,,,,,,,
Wed Mar 29 20:39:29 +0000 2017,847186471589101600,"RT @peterdaou: When Spicer, with a straight face, claimed Trump prioritized women's empowerment during the campaign, why didn't a reporter…",17079653,Jeannine Stehlin,JeannineStehlin, ,509,981,Fri Oct 31 02:55:40 +0000 2008,Pacific Time (US & Canada),DBE9ED,http://pbs.twimg.com/profile_images/799411214006697985/I5eM_dLF_normal.jpg,,,,,,,,,,,,
Wed Mar 29 20:39:29 +0000 2017,847186471739981800,RT @toureism: This is how you know Black Twitter is its own entity because I have not seen one word about this on my TL. https://t.co/58I1q…,1206174218,🤴🏾🥀,blxckwilliam,salt lake city/atlanta ,774,429,Thu Feb 21 22:32:47 +0000 2013,Atlantic Time (Canada),C0DEED,http://pbs.twimg.com/profile_images/845318360736841728/CwEC2I8A_normal.jpg,,,,,,,,,,,,
Wed Mar 29 20:39:29 +0000 2017,847186472189005800,RT @_cypherpunks_: Trump's Presidential Checklist https://t.co/zUXf2dxGaD,1608175068,Michael Kudis,MichaelKudis,,101,262,Sat Jul 20 12:57:57 +0000 2013,,C0DEED,http://pbs.twimg.com/profile_images/833167211565084672/eeTK4iXD_normal.jpg,,,,,,,,,,,,
Wed Mar 29 20:39:29 +0000 2017,847186471970918400,RT @_cypherpunks_: Trump's Presidential Checklist https://t.co/zUXf2dxGaD,15969845,MsGail18,MsGail18,New York,56,374,Sun Aug 24 15:54:18 +0000 2008,Eastern Time (US & Canada),9AE4E8,http://pbs.twimg.com/profile_images/653671485425389568/T8QAkeOs_normal.png,,,,,,,,,,,,
Wed Mar 29 20:39:29 +0000 2017,847186471224315900,RT @BraddJaffy: “Have you heard of Susan B. Anthony?” Trump jokes at a women’s empowerment event at the White House https://t.co/lhOljPGZj6,2163181849,🗽,baroquehoedown,,1721,459,Tue Oct 29 16:40:27 +0000 2013,Amsterdam,8F8F8F,http://pbs.twimg.com/profile_images/835491522837688323/mNSgvPKv_normal.jpg,,,,,,,,,,,,
Wed Mar 29 20:39:29 +0000 2017,847186472302268400,Jeb Bush to Trump: 'Stop saying things that aren't true' https://t.co/TvYmMbLpvD #Politics #Trump #USA,759414372984721400,US Government Report,USGovReport,United States,448,12,Sat Jul 30 15:44:30 +0000 2016,Eastern Time (US & Canada),F5F8FA,http://pbs.twimg.com/profile_images/821564873624559617/acaYXbtY_normal.jpg,,,,,,,,,,,,
Wed Mar 29 20:39:29 +0000 2017,847186472033800200,The Donald Trump subreddit has mixed feelings about gutted internet privacy rules https://t.co/ybRncrG5Ls via @Verge,2676025951,David -mogeladze,mogeladze1,boyton beach  kutaisi madrid,3492,4550,Thu Jul 24 06:30:10 +0000 2014,Arizona,FF691F,http://pbs.twimg.com/profile_images/832020968210038784/SwiIAAI2_normal.jpg,,,,,,,,,,,,
Wed Mar 29 20:39:29 +0000 2017,847186471664734200,RT @USARedOrchestra: Trump companies have been linked to at least 10 former Soviet businessmen w/ ties to organized crime/money landering
h…,701589774,Sonny,sonny9636,,770,1267,Tue Jul 17 19:02:37 +0000 2012,Eastern Time (US & Canada),BADFCD,http://pbs.twimg.com/profile_images/839287114357440516/DCrPmLxp_normal.jpg,,,,,,,,,,,,
Wed Mar 29 20:39:29 +0000 2017,847186472230928400,RT @AngryBlackLady: trump's america https://t.co/sB2gfpmv7q,1546365578,An-D.Va-scism,sunlightwarden,Acidalia Planitia,295,319,Tue Jun 25 18:22:51 +0000 2013,Atlantic Time (Canada),C0DEED,http://pbs.twimg.com/profile_images/778437161746067456/RFJ1-gP-_normal.jpg,,,,,,,,,,,,
Wed Mar 29 20:39:29 +0000 2017,847186472696471600,RT @RogerJStoneJr: No evidence. No e-mails. No texts. No  intercepts .Trump-Russia Collusion an attack devised by @JohnPodesta 2 distract f…,852530612,thomas colavito,tomcolavito62,,96,426,Sat Sep 29 09:02:41 +0000 2012,,C0DEED,http://pbs.twimg.com/profile_images/672465698589908992/ySO_mB58_normal.jpg,,,,,,,,,,,,
Wed Mar 29 20:39:29 +0000 2017,847186471983484900,RT @RhutaBhayga: We need a stronger word for ""irony"" https://t.co/F5ndQYUmx3,2651323642,daziegirl007,daziegirl007,,253,195,Sat Jun 28 21:43:26 +0000 2014,,C0DEED,http://pbs.twimg.com/profile_images/842733659367096320/x1FGYGuv_normal.jpg,,,,,,,,,,,,
Wed Mar 29 20:39:29 +0000 2017,847186471182389200,Fun read about how little Trump actually knows about the world/foreign affairs. And by ""fun"" I mean scary/horrible. https://t.co/EKOUb5iBw1,17524863,justin kanew,justin_kanew,,10065,2298,Thu Nov 20 22:47:55 +0000 2008,Pacific Time (US & Canada),C0DEED,http://pbs.twimg.com/profile_images/777325432056139777/EOtgTp3D_normal.jpg,,,,,,,,,,,,
Wed Mar 29 20:39:29 +0000 2017,847186472369340400,"Hervé Pierre, El diseñador del Vestido de  Baile de Inauguración de Melania Trump https://t.co/n1mFkvg2Rz",4431225766,Silvia Pastrana Ruiz,Silvia_PasR,Honduras,99,140,Wed Dec 09 22:37:52 +0000 2015,Pacific Time (US & Canada),000000,http://pbs.twimg.com/profile_images/830502927382884353/O7AFk9xJ_normal.jpg,,,,,,,,,,,,
Wed Mar 29 20:39:29 +0000 2017,847186472885239800,"RT @Alyssa_Milano: For your records, @realDonaldTrump. https://t.co/TKj7JuO9T8",19339689,Robert Brown,Robert_Brown0,"Albany, NY",104,720,Thu Jan 22 14:19:01 +0000 2009,Eastern Time (US & Canada),1A1B1F,http://pbs.twimg.com/profile_images/1383585846/wenger_normal.jpg,,,,,,,,,,,,
Wed Mar 29 20:39:29 +0000 2017,847186473011085300,RT @DiegoNavars: Ahora Piñera predice el futuro... esa foto es de 2012 https://t.co/k8SnCfnevp,32285372,waldo,waldovaldiviaaa,"-39.851893,-73.195451",566,1964,Fri Apr 17 03:24:26 +0000 2009,Central America,C0DEED,http://pbs.twimg.com/profile_images/680894799705194496/GQEq_dwv_normal.jpg,,,,,,,,,,,,
Wed Mar 29 20:39:29 +0000 2017,847186472792981500,RT @mimizelman: Donald Trump's Ignorance Extends to Foreign Affairs. That's A Big Problem. - The Huffington Post https://t.co/dGv6MQ8SnY,15497298,Linda Lawrey ✍,LindaLawrey,USA,3353,4552,Sun Jul 20 01:23:21 +0000 2008,Eastern Time (US & Canada),000000,http://pbs.twimg.com/profile_images/1817919416/Me3_normal.jpg,,,,,,,,,,,,
Wed Mar 29 20:39:29 +0000 2017,847186473375977500,#Supercars #Trump New post:Seven-seat SUV Bisu T5: a third of the casket - https://t.co/sU4lWuCZMo,725826294,TiNews,Supercars_news,,224,94,Mon Jul 30 10:57:33 +0000 2012,Pacific Time (US & Canada),000000,http://pbs.twimg.com/profile_images/760427188365758464/GBe__QuV_normal.jpg,,,,,,,,,,,,
Wed Mar 29 20:39:29 +0000 2017,847186473459896300,"Good women are the game, set, match, against Trump. I watched his eyes when HRC dismantled him at the debate. He could not take it.",187206562,ken heidelberg,sodgrip,Saint Paul MN,290,1146,Sun Sep 05 15:36:32 +0000 2010,Eastern Time (US & Canada),C0DEED,http://pbs.twimg.com/profile_images/3300348874/65dffe75ef686fe239a97d299a3270bb_normal.jpeg,,,,4afbe81ac7ebf3ea,https://api.twitter.com/1.1/geo/id/4afbe81ac7ebf3ea.json,city,White Bear Lake,"White Bear Lake, MN",US,United States,Polygon,-93.056248;45.033056;-93.056248;45.101902;-92.980042;45.101902;-92.980042;45.033056
Wed Mar 29 20:39:29 +0000 2017,847186472923004900,Trump's Budget Drains The Swamp 
STEPHEN MOORE KNOWS ABOUT MONEY MATTERS
https://t.co/WsyemS4F4c via @IBDeditorials,3518486666,Deplorable Linda G.,GartrellLinda,Illinois  ,28184,23869,Thu Sep 10 19:06:16 +0000 2015,,000000,http://pbs.twimg.com/profile_images/823025558518960128/MMb32URk_normal.jpg,,,,,,,,,,,,
Wed Mar 29 20:39:29 +0000 2017,847186473724121100,"RT @1PatriciaMurphy: President Trump on Harriet Tubman:  ""She was very, very courageous.  Believe me.""",366041095,Cristina Piccinini,CriPicciMoh,,79,296,Thu Sep 01 13:30:51 +0000 2011,,C0DEED,http://pbs.twimg.com/profile_images/1524441312/image_normal.jpg,,,,,,,,,,,,
Wed Mar 29 20:39:29 +0000 2017,847186473329868800,Please stop this. 

cc @SenMarkey @SenWarren @RepKClark https://t.co/LStc6p6TmW,1511624532,Leslie #. Brown,LeslieLKB,"Cambridge, MA",1945,1307,Wed Jun 12 21:14:21 +0000 2013,Pacific Time (US & Canada),C0DEED,http://pbs.twimg.com/profile_images/811297804345692160/gWNSd-eh_normal.jpg,,,,,,,,,,,,
Wed Mar 29 20:39:30 +0000 2017,847186474273394700,"RT @Amy_Siskind: If Senate Intel Committee does as they say (?able), Russia will be front and center until impeachment starts. Trump will g…",15294551,Cat West,catawu,Canada - USA,5652,5336,Wed Jul 02 03:04:13 +0000 2008,Tehran,C6C8EE,http://pbs.twimg.com/profile_images/538576796485046272/FytXkZbT_normal.jpeg,,,,,,,,,,,,
Wed Mar 29 20:39:30 +0000 2017,847186474306908200,RT @GeorgeTakei: Watch for Trump to torpedo Obamacare by not enforcing the individual mandate or not reimbursing insurance cos. He wants to…,140206670,eleanor nastywoman,elles22,,49,186,Tue May 04 22:13:24 +0000 2010,,C0DEED,http://pbs.twimg.com/profile_images/839500010936901632/PWlUS8Lq_normal.jpg,,,,,,,,,,,,
Wed Mar 29 20:39:30 +0000 2017,847186474374221800,RT @SheWhoVotes: Ivanka Trump will now become an official federal employee. This is both illegal nepotism and a conflict of interest with h…,191289366,(((roving pencil))),rovingpencil,,397,2414,Thu Sep 16 02:19:31 +0000 2010,Central Time (US & Canada),C0DEED,http://pbs.twimg.com/profile_images/3186445050/070ef7ce97a62ab1abb8b454f1066f15_normal.jpeg,,,,,,,,,,,,
Wed Mar 29 20:39:30 +0000 2017,847186474160312300,"RT @NewYorker: Ivanka Trump, who is taking an unpaid federal job, was involved in building a hotel in Baku plagued by corruption:… ",774672882,PetuniaHendricksPhD,phendricks71,,2442,3702,Wed Aug 22 23:06:13 +0000 2012,Eastern Time (US & Canada),C0DEED,http://pbs.twimg.com/profile_images/2917681443/0fc9c8ebe40f2f006be4062341597fa6_normal.jpeg,,,,,,,,,,,,
Wed Mar 29 20:39:30 +0000 2017,847186474567192600,RT @ezraklein: I can't get over the fact that Obama was more popular at 10% unemployment than Trump is at 4.7% unemployment: https://t.co/M…,826939573230039000,Heather Foglio,winterpersists,,35,137,Wed Feb 01 23:45:32 +0000 2017,,F5F8FA,http://pbs.twimg.com/profile_images/844662142821392386/cYuntwuz_normal.jpg,,,,,,,,,,,,
Wed Mar 29 20:39:30 +0000 2017,847186474474913800,RT @nytimes: Ivanka Trump’s title will be special assistant to the president. Jared Kushner has the title of senior adviser. https://t.co/i…,1672053968,Aida Chavez,aidachavez_,CO ➡️AZ➡️DC and LA,823,588,Thu Aug 15 02:54:18 +0000 2013,Central Time (US & Canada),C0DEED,http://pbs.twimg.com/profile_images/838938280536178689/L-_VZRsE_normal.jpg,,,,,,,,,,,,
Wed Mar 29 20:39:30 +0000 2017,847186474227433500,RT @Benjaminn64: 😳😳😳 https://t.co/0rjDBn15tP,66033904,Smart Value,smartvalueblog,USA,6191,4345,Sun Aug 16 02:38:23 +0000 2009,Eastern Time (US & Canada),AAB6DD,http://pbs.twimg.com/profile_images/458755680132808705/26Ge9owZ_normal.jpeg,,,,,,,,,,,,
Wed Mar 29 20:39:30 +0000 2017,847186474873135100,"RT @voxdotcom: Less than 3 months into his presidency, Trump is less popular than Obama was at any point during his two terms.… ",800609284488765400,The D-Bag Chronicles,DBagChron,United States,603,732,Mon Nov 21 07:58:22 +0000 2016,Pacific Time (US & Canada),000000,http://pbs.twimg.com/profile_images/833840092510711808/oMLaUFdW_normal.jpg,,,,,,,,,,,,
Wed Mar 29 20:39:30 +0000 2017,847186474680279000,"RT @LToddWood: Judge Napolitano Returns On Fox News, Stands By Claim Brits Spied On Trump

https://t.co/Bumb2HG8eI",251655176,roninfreddy,roninfreddy2,,696,742,Sun Feb 13 15:52:12 +0000 2011,,C0DEED,http://pbs.twimg.com/profile_images/479654392329564162/JnKHstEa_normal.jpeg,,,,,,,,,,,,
Wed Mar 29 20:39:30 +0000 2017,847186474017734700,RT @TomFitton: Will be on @FoxNews with @seanhannity  to talking breaking news on Obama's Russia leaks scandal. https://t.co/k1tbomcmkb,791983215976251400,Carmen Rock,CarmenRock4,,47,77,Fri Oct 28 12:41:27 +0000 2016,,F5F8FA,http://abs.twimg.com/sticky/default_profile_images/default_profile_6_normal.png,,,,,,,,,,,,
Wed Mar 29 20:39:30 +0000 2017,847186474835611600,"RT @RobertMihaly1: #LIAR @realDonaldTrump Russia involvement is long, extensive and disturbing. #Putinpuppet
https://t.co/ukh46QBWW0",369318439,débb #JÂ4mę,olfashdeb,USA,7369,8092,Wed Sep 07 04:31:32 +0000 2011,Central Time (US & Canada),C0DEED,http://pbs.twimg.com/profile_images/721787079861149697/8dYieYDO_normal.jpg,,,,,,,,,,,,
Wed Mar 29 20:39:30 +0000 2017,847186474663596000,RT @thehill: Fox contributor stands by baseless claim that the UK helped Obama wiretap Trump  https://t.co/Fj8vBHlSra https://t.co/jhFcOUMH…,18786007,ⓕ,effdot,"Brooklyn, NY",487,342,Fri Jan 09 00:32:32 +0000 2009,Tehran,000000,http://pbs.twimg.com/profile_images/625810997312405504/8CBbkzZi_normal.jpg,,,,,,,,,,,,
Wed Mar 29 20:39:30 +0000 2017,847186475120758800,RT @TomFitton: Will be on @FoxNews with @seanhannity  to talking breaking news on Obama's Russia leaks scandal. https://t.co/k1tbomcmkb,89869801,Hands off the kids,carpediem1013,,2549,299,Sat Nov 14 04:26:46 +0000 2009,,000000,http://pbs.twimg.com/profile_images/824703944005943301/U2OZNnp9_normal.jpg,,,,,,,,,,,,
Wed Mar 29 20:39:30 +0000 2017,847186475238199300,"RT @GeorgeTakei: Donald Trump is the master of projection, calling real news fake news...then citing Fox News and National Enquirer as his…",17139147,Lee #NotMyPresident,francophone,,558,761,Mon Nov 03 20:25:23 +0000 2008,Quito,642D8B,http://pbs.twimg.com/profile_images/1172159501/7323257_600_normal.jpg,,,,,,,,,,,,
Wed Mar 29 20:39:30 +0000 2017,847186475120640000,FULL EVENT: First Lady Melania Trump Attends International Women of Cour...great speech.  https://t.co/KeUxSUlgyW,4163792778,My President DJT,PolFurn,United States,3331,3688,Sun Nov 08 03:17:33 +0000 2015,,C0DEED,http://pbs.twimg.com/profile_images/830517432854798336/KAdXqXhl_normal.jpg,,,,,,,,,,,,
Wed Mar 29 20:39:30 +0000 2017,847186474713919500,Trump anula medidas de Obama para proteger el medio ambiente - Ana Francisca Vega - Noticieros Televisa - https://t.co/GFTWfPCSOw,1700087322,Wraith Writer,Wraith_Writer,Classified Top Secret,3139,3102,Sun Aug 25 20:39:42 +0000 2013,Mountain Time (US & Canada),131516,http://pbs.twimg.com/profile_images/793162316644700160/DowNt_by_normal.jpg,,,,,,,,,,,,
Wed Mar 29 20:39:30 +0000 2017,847186475254997000,"@stevesilberman @carm2158 @thinkprogress  Trump is ein Lügner, inkompetenten Verräter",780394934918639600,Angela Prösch,angela_prosch,Deutschland ,484,644,Mon Sep 26 13:13:46 +0000 2016,,F5F8FA,http://pbs.twimg.com/profile_images/797364801672454145/CHVYk-dk_normal.jpg,,,,,,,,,,,,
Wed Mar 29 20:39:30 +0000 2017,847186475095638000,April Ryan asked the most important question of the Trump presidency https://t.co/czL41ELxDP #Politics #Trump #USA,759414372984721400,US Government Report,USGovReport,United States,448,12,Sat Jul 30 15:44:30 +0000 2016,Eastern Time (US & Canada),F5F8FA,http://pbs.twimg.com/profile_images/821564873624559617/acaYXbtY_normal.jpg,,,,,,,,,,,,
Wed Mar 29 20:39:30 +0000 2017,847186475372482600,"Congrats to new Special Assistant to the @POTUS,  @IvankaTrump! She will be an official unpaid @WhiteHouse staffer… https://t.co/Jn1VrQ3gvL",66923871,PARIS,PARISDENNARD,Washington DC,12220,1118,Wed Aug 19 05:48:56 +0000 2009,Eastern Time (US & Canada),73726A,http://pbs.twimg.com/profile_images/839524736732442629/Tac1uthC_normal.jpg,,,,,,,,,,,,
Wed Mar 29 20:39:30 +0000 2017,847186475062100000,RT @davidfrum: She's doing great work https://t.co/wGUXsG4Bus,797155827056541700,Mary Dealing,MaryDealing1,,37,120,Fri Nov 11 19:15:34 +0000 2016,,F5F8FA,http://pbs.twimg.com/profile_images/837639294969860096/aL0f5lxJ_normal.jpg,,,,,,,,,,,,
Wed Mar 29 20:39:30 +0000 2017,847186475879944200,"RT @dimejibabalola: Trump, turns to black person: ""have you ever heard of MLK? great black guy!"" You should be proud! https://t.co/4ki8OOVC…",2217952781,Olivia Pope👩🏾‍⚖️,oliviam_xoxo,Philadelphia | Bloomsburg Univ,909,899,Tue Dec 10 17:53:48 +0000 2013,,000000,http://pbs.twimg.com/profile_images/840233690974302208/QhQtG5Ei_normal.jpg,,,,,,,,,,,,
Wed Mar 29 20:39:30 +0000 2017,847186475833851900,"RT @TeaPainUSA: What's worse, the tyrant, or those that enable a tyrant?  

https://t.co/vJfJxNaM26",4883476894,Stuart Orr,Lupinus81,"Northwest Indiana, USA",208,355,Sun Feb 07 00:13:26 +0000 2016,,000000,http://pbs.twimg.com/profile_images/827868068986683392/DCYghSau_normal.jpg,,,,,,,,,,,,
Wed Mar 29 20:39:30 +0000 2017,847186476035125200,RT @kylegriffin1: Richard Burr says Senate Intel Cmte staff are ""within weeks"" of completing their review of 1000s of docs in Trump-R… ,311549242,Cllr Shepzy,tshep42,,2353,2587,Sun Jun 05 16:57:40 +0000 2011,,000000,http://pbs.twimg.com/profile_images/746717503821254656/sNyX3cP0_normal.jpg,,,,,,,,,,,,
Wed Mar 29 20:39:30 +0000 2017,847186476114653200,Some ways the rich pillage the U.S. economy

Donald Trump’s Tax Plan: The Rich Pay Less; You Make Up the Difference https://t.co/t7XpnHcFXh,1107291996,Conifers & Citrus,JeffBull5,"Hillsboro, Oregon",493,200,Sun Jan 20 21:05:56 +0000 2013,,C0DEED,http://pbs.twimg.com/profile_images/828440501711826944/NsiCR0C0_normal.jpg,,,,,,,,,,,,
Wed Mar 29 20:39:30 +0000 2017,847186475976405000,"RT @sarahcpr: House Republicans: We can't release Trump's taxes, we must protect his privacy

Also House Republicans: Here's everyone's bro…",161348005,MB,NitramBeaulieu,,130,252,Wed Jun 30 16:29:52 +0000 2010,,C0DEED,http://pbs.twimg.com/profile_images/838414827047514112/aNV84EZ5_normal.jpg,,,,,,,,,,,,
Wed Mar 29 20:39:30 +0000 2017,847186476190253000,"RT @HillaryClinton: These are more than statistics, they’re American lives at risk because this administration willfully ignores the sc… ",10982252,Nasal Lavage,TheAmazingBaz,,149,381,Sun Dec 09 00:07:01 +0000 2007,Eastern Time (US & Canada),C0DEED,http://pbs.twimg.com/profile_images/825468704674631680/fyeT8u8P_normal.jpg,,,,,,,,,,,,
Wed Mar 29 20:39:30 +0000 2017,847186476194566100,RT @Amy_Siskind: Trump is gonna milk this gig for all he can for as long as he can. He's installed a GSA who will look the other way. https…,130752865,George Eliot,MousyBrunette,NC,669,2549,Thu Apr 08 05:57:18 +0000 2010,Eastern Time (US & Canada),1C9BC9,http://pbs.twimg.com/profile_images/460965356698222592/QtcpKch5_normal.jpeg,,,,,,,,,,,,
Wed Mar 29 20:39:30 +0000 2017,847186476185956400,"RT @DheerajGbc: More Burnol req for Sickulars,
PM Modi, Prez Putin and Prez Trump representing the new vision of world--Le Pen, Pre… ",1876868100,# JaiShriRam #,1420kunal,Mumbai,1278,550,Tue Sep 17 21:00:22 +0000 2013,,C0DEED,http://pbs.twimg.com/profile_images/833091849828962304/TQ4kUOSv_normal.jpg,,,,,,,,,,,,
Wed Mar 29 20:39:30 +0000 2017,847186475728998400,"RT @NPR: The president has spent half of his weekends since taking office at the private club he owns in Palm Beach, Fla. https://t.co/Vpz9…",4191188123,ValleyGirl,DianaPo56926076,"Tidewater, Va",27,73,Sun Nov 15 03:51:55 +0000 2015,,C0DEED,http://pbs.twimg.com/profile_images/803392529571991557/7vzWHEjr_normal.jpg,,,,,,,,,,,,
Wed Mar 29 20:39:30 +0000 2017,847186476878250000,#trump want to start a spread on Trump impeachment.  Do we need a time certainty i.e. 6 months or just inside first term?,795326532743036900,Barry,bigfig,"Manhattan, NY",34,201,Sun Nov 06 18:06:36 +0000 2016,,F5F8FA,http://pbs.twimg.com/profile_images/795328867930112001/eaQ68qhz_normal.jpg,,,,,,,,,,,,
Wed Mar 29 20:39:30 +0000 2017,847186476949553200,The caliber of unpaid WH interns is really declining under Trump... https://t.co/p8kq2ZioxE,407993349,Zev Karlin-Neumann,zkarlinn,"Washington, D.C.",246,514,Tue Nov 08 20:50:05 +0000 2011,Central Time (US & Canada),709397,http://pbs.twimg.com/profile_images/822205638914674688/FYo6cvNN_normal.jpg,,,,,,,,,,,,
Wed Mar 29 20:39:30 +0000 2017,847186477121503200,RT @mitchellvii: Marquette Poll: Trump More Popular with Wisconsin GOP than Speaker Ryan - Breitbart https://t.co/aCoU8ft0Ig,808099541211873300,Doc Holliday,SubmarineN2Deep,Marianas Trench,516,1174,Mon Dec 12 00:01:59 +0000 2016,,F5F8FA,http://pbs.twimg.com/profile_images/812351363099324416/qwHnzzjn_normal.jpg,,,,,,,,,,,,
Wed Mar 29 20:39:30 +0000 2017,847186476320374800,Show me what nepotism looks like!

This is what nepotism looks like!!!

#MAGA #dumpALLtrumps #nepotism https://t.co/YPyLVYHtUZ,2324765574,elaine,elainehurricane,,100,321,Mon Feb 03 03:43:29 +0000 2014,,C0DEED,http://pbs.twimg.com/profile_images/430504703604953089/1kUI6dds_normal.jpeg,,,,,,,,,,,,
Wed Mar 29 20:39:30 +0000 2017,847186476853071900,RT @gilbertjasono: Donald Trump shouldn’t write a memoir; he should write a series of short biographies of famous historical figures b… ,765689479088734200,vegardrek,vegardrek,"Trondheim, Norway",18,190,Tue Aug 16 23:19:32 +0000 2016,,F5F8FA,http://pbs.twimg.com/profile_images/802624321961213958/yOYwbW9r_normal.jpg,,,,,,,,,,,,
Wed Mar 29 20:39:30 +0000 2017,847186476383264800,RT @NetworksManager: Trump killing it at Women's Empowerment Panel
'We Are Americans &amp; We Will Not Stop Until We've Achieved Our Dreams' ht…,637368172,Mrs B,B1957mrs,United States,319,180,Mon Jul 16 23:12:52 +0000 2012,,C0DEED,http://pbs.twimg.com/profile_images/764619736630067200/LrWJsKA2_normal.jpg,,,,,,,,,,,,
Wed Mar 29 20:39:30 +0000 2017,847186477134069800,"We do not 'meet' a den of vipers, we wade into it... https://t.co/b6N8S92gim",19245752,James Dunne,jamesinparis,Paris,1349,576,Tue Jan 20 17:17:03 +0000 2009,Paris,282E42,http://pbs.twimg.com/profile_images/843754767876849665/I0uupPGE_normal.jpg,,,,,,,,,,,,
Wed Mar 29 20:39:30 +0000 2017,847186477318582300,"Ivanka Trump, Shifting Plans, Will Become a Federal Employee https://t.co/MbMiRXySXZ",29165724,raffaella isidori,zetaraffix,"Italy, UK, USA",2914,4570,Mon Apr 06 08:16:49 +0000 2009,Rome,EAEAEA,http://pbs.twimg.com/profile_images/796299514202230784/sTRbiMlZ_normal.jpg,,,,,,,,,,,,
Wed Mar 29 20:39:30 +0000 2017,847186476844699600,RT @JessicaValenti: tfw you realize you're going to have to read the remarks Trump gave about ""women's empowerment"" https://t.co/i5w1wouwcJ,177462818,annagnes,_sistachristian,,391,519,Thu Aug 12 05:30:31 +0000 2010,Mountain Time (US & Canada),1F3629,http://pbs.twimg.com/profile_images/745709495360303105/0mDE_aa2_normal.jpg,,,,,,,,,,,,
Wed Mar 29 20:39:30 +0000 2017,847186477452857300,"Trump Talks About Combating Opioid Addiction, Tells Woman: ‘Your Son Will Not Have Died In Vain’ [VIDEO] https://t.co/lSVMOoo8yq #Politics…",759414372984721400,US Government Report,USGovReport,United States,448,12,Sat Jul 30 15:44:30 +0000 2016,Eastern Time (US & Canada),F5F8FA,http://pbs.twimg.com/profile_images/821564873624559617/acaYXbtY_normal.jpg,,,,,,,,,,,,
Wed Mar 29 20:39:30 +0000 2017,847186477897326600,RT @jaketapper: Jeb Bush to Trump: 'Stop saying things that aren't true' - https://t.co/4kGK7SPuhq https://t.co/w3G6tCTUxO,72955121,Nina,NinaRezhets,L.A. California,291,751,Wed Sep 09 21:25:03 +0000 2009,Pacific Time (US & Canada),C0DEED,http://pbs.twimg.com/profile_images/406994165/IMG_0248_normal.jpg,,,,,,,,,,,,
Wed Mar 29 20:39:30 +0000 2017,847186477767409700,RT @MaxineWaters: Trump is hiding something. This is why he continues to lie &amp; distract from investigations.The truth will be uncovered &amp; h…,15539176,Alliesuegirl,Alliesuegirl,United States,280,574,Tue Jul 22 22:50:56 +0000 2008,Quito,BADFCD,http://pbs.twimg.com/profile_images/842073563712630788/Eva9TV3Y_normal.jpg,,,,,,,,,,,,
Wed Mar 29 20:39:30 +0000 2017,847186477821890600,RT @TomFitton: Will be on @FoxNews with @seanhannity  to talking breaking news on Obama's Russia leaks scandal. https://t.co/k1tbomcmkb,780891864002072600,American🇺🇸3,American3333,,538,269,Tue Sep 27 22:08:23 +0000 2016,,F5F8FA,http://pbs.twimg.com/profile_images/831331849565827073/zRqYeorc_normal.jpg,,,,,,,,,,,,
Wed Mar 29 20:39:31 +0000 2017,847186478182662100,"#MAGA! https://t.co/jel0Njs944 Q: If R's who supported Trump cannot impartially lead committees, can D's who opposed Trump impartially lea…",741212609354039300,D Ploribus Unum,dreamedofdust,Highest Energy Level Achieved!,2201,60,Fri Jun 10 10:17:11 +0000 2016,,F5F8FA,http://pbs.twimg.com/profile_images/741216378540154880/QzY2iaDx_normal.jpg,,,,,,,,,,,,
Wed Mar 29 20:39:30 +0000 2017,847186478094602200,RT @AdamsFlaFan: FBI arrests ten people in New York City with alleged ties to Donald Trump and Russian mafia https://t.co/O2SXGYmYrD via @P…,49356728,Kathy Shetler,kathysgallery,"Wilderness, upstate New York",10533,10098,Sun Jun 21 16:34:27 +0000 2009,Quito,709397,http://pbs.twimg.com/profile_images/335043705/Painting__Pastel_-_Kaysie_copy_normal.jpg,,,,,,,,,,,,
Wed Mar 29 20:39:31 +0000 2017,847186478216220700,Can anyone say banana republic? https://t.co/QLTGCf01fc,746203,Jason Bainbridge,WhileInTheWild,"Houston, TX",1643,1008,Fri Feb 02 04:17:40 +0000 2007,Central Time (US & Canada),9AE4E8,http://pbs.twimg.com/profile_images/825705930113351680/PAjaBYUc_normal.jpg,,,,,,,,,,,,
Wed Mar 29 20:39:31 +0000 2017,847186478589448200,RT @RawStory: More Trump U lawsuits are coming — if Judge Gonzalo Curiel lets fraud cases move forward https://t.co/6jJ7CC1aSJ https://t.co…,16081033,Margaret's Folly,margaretsfolly,"Guilford, CT",1719,4209,Mon Sep 01 11:54:22 +0000 2008,Eastern Time (US & Canada),D2F7F3,http://pbs.twimg.com/profile_images/822490773526609920/fwdsIast_normal.jpg,,,,,,,,,,,,
Wed Mar 29 20:39:31 +0000 2017,847186478392381400,RT @EJDionne: Even 23 percent of Republicans think #Trump associates had improper communications with Russia. https://t.co/0AZoQsmSRr,821939292532604900,Christine James-McNe,McneJames,,137,38,Thu Jan 19 04:36:13 +0000 2017,,F5F8FA,http://abs.twimg.com/sticky/default_profile_images/default_profile_3_normal.png,,,,,,,,,,,,
Wed Mar 29 20:39:30 +0000 2017,847186477633208300,RT @IndivisibleTeam: We thought you deserved to see them. Chair @RepKevinBrady voted to keep Trump's taxes a secret. https://t.co/HiP09AqDW3,15072741,virgiliocorrado,virgiliocorrado,the lightbulb moment centre,808,2287,Tue Jun 10 13:03:54 +0000 2008,Eastern Time (US & Canada),131516,http://pbs.twimg.com/profile_images/751813625682202624/wvG5MCfc_normal.jpg,,,,,,,,,,,,
Wed Mar 29 20:39:31 +0000 2017,847186478530789400,#Nigeria #news - RE: #Trump’s solidarity rally: Senate to probe killing of IPOB members https://t.co/llzrmWDM96,168881288,NairaPark,nairapark,Lagos - Nigeria,6679,185,Wed Jul 21 00:56:06 +0000 2010,West Central Africa,1A1B1F,http://pbs.twimg.com/profile_images/476066295939477504/a8Z5Dx29_normal.png,,,,,,,,,,,,
Wed Mar 29 20:39:31 +0000 2017,847186478660759600,"RT @CitizenSlant: Fiorina: Forget Nunes, 'We’ve Got to Have a Special Prosecutor’ in Trump, Russia Probe https://t.co/WpniZqzPXj https://t.…",1969433960,Alexis,LMartlnez__,,337,113,Fri Oct 18 19:17:06 +0000 2013,,FFF04D,http://pbs.twimg.com/profile_images/534291571773304832/FkesWhjU_normal.jpeg,,,,,,,,,,,,
Wed Mar 29 20:39:31 +0000 2017,847186478614634500,John Podesta: Donald Trump an ‘Existential Threat to the Entire Planet’ https://t.co/UR8YNeCooB,19000908,The Editor,TheDailyDigest,,905,92,Wed Jan 14 23:11:27 +0000 2009,Pacific Time (US & Canada),C0DEED,http://pbs.twimg.com/profile_images/2528916702/wmuzp4650pcpyo32orcn_normal.jpeg,,,,,,,,,,,,
Wed Mar 29 20:39:31 +0000 2017,847186478765686800,RT @tonyposnanski: Trump has a 35% approval rating

Let's do a poll. Supporters and haters of me will make this fair.

Please RT!

Do you s…,770357429020332000,Dana Royse,royse_dana,"Sherwood, OR",694,821,Mon Aug 29 20:28:18 +0000 2016,,F5F8FA,http://pbs.twimg.com/profile_images/838109196671279104/XwXRuWoF_normal.jpg,,,,,,,,,,,,
Wed Mar 29 20:39:31 +0000 2017,847186478987972600,RT @armyofMAGA: RETWEET if you stand with Rep. Devin Nunes in the fight to prove Barack Obama wire tapped President Trump! #MAGA… ,1721357232,Mary Ramji,MaryRamji,,27,209,Mon Sep 02 06:21:40 +0000 2013,Eastern Time (US & Canada),C0DEED,http://pbs.twimg.com/profile_images/483465121981677568/0ZrWMvru_normal.jpeg,,,,,,,,,,,,
Wed Mar 29 20:39:31 +0000 2017,847186479256342500,Trump's tweets get burned daily by a robot - CNET Commentary: A new Twitter account features videos of the ritual … https://t.co/AduBM3RJaN,14509143,Samy Morsy,samymohab,Mexico,549,39,Thu Apr 24 09:00:30 +0000 2008,Pacific Time (US & Canada),C0DEED,http://pbs.twimg.com/profile_images/816802848960745472/iveL6MAW_normal.jpg,,,,,,,,,,,,
Wed Mar 29 20:39:31 +0000 2017,847186479386411000,Spicer: Trump Was Having ‘Lighthearted Moment’ When He Said Health Care Was Easy https://t.co/YFUqmBZlN8 #Politics #Trump #USA,759414372984721400,US Government Report,USGovReport,United States,448,12,Sat Jul 30 15:44:30 +0000 2016,Eastern Time (US & Canada),F5F8FA,http://pbs.twimg.com/profile_images/821564873624559617/acaYXbtY_normal.jpg,,,,,,,,,,,,
Wed Mar 29 20:39:31 +0000 2017,847186479566643200,@cnnbrk Trump Asked Dershowitz to Tell Netanyahu Peace With Palestinians Possible Today (@haaretzcom reporting)///,418815175,john beechy,JohnBeechy,"Toronto, On. Canada",283,131,Tue Nov 22 16:17:13 +0000 2011,Pacific Time (US & Canada),C0DEED,http://abs.twimg.com/sticky/default_profile_images/default_profile_2_normal.png,,,,43504b43f496e507,https://api.twitter.com/1.1/geo/id/43504b43f496e507.json,city,Quinte West,"Quinte West, Ontario",CA,Canada,Polygon,-77.752464;43.992857;-77.752464;44.314425;-77.411432;44.314425;-77.411432;43.992857
Wed Mar 29 20:39:31 +0000 2017,847186479642157000,RT @SenSanders: Trump's position on climate change is pathetic and an embarrassment to the world. https://t.co/K2bspoh28D,81457290,Kathy Brown,KathyBrownKathy,"LA,PalmDesert,Vegas",36451,29760,Sat Oct 10 22:38:08 +0000 2009,Arizona,EBDAE5,http://pbs.twimg.com/profile_images/539878773512880128/5mhSp0xE_normal.jpeg,,,,,,,,,,,,
Wed Mar 29 20:39:31 +0000 2017,847186479172517900,"RT @TeaPainUSA: GOP: We can't release Trump's tax returns, but here's your neighbor's browser history.",777890548132687900,Ana 🗽,AnaSolitaria7,"Illinois, USA",4028,4844,Mon Sep 19 15:22:14 +0000 2016,Pacific Time (US & Canada),F5F8FA,http://pbs.twimg.com/profile_images/835643517280079873/RnRGZncf_normal.jpg,,,,,,,,,,,,
Wed Mar 29 20:39:31 +0000 2017,847186478874710000,RT @TeaPainUSA: Trump/Nunes:  ""We keep cancelin' hearings because we're incredibly innocent and don't want to rub the Democrat's nose in it…,402335158,People V. Trump,Not45Th,Planet Earth,922,1175,Mon Oct 31 22:24:27 +0000 2011,,ACDED6,http://pbs.twimg.com/profile_images/819534015938121728/Rpz2G2cF_normal.jpg,,,,,,,,,,,,
Wed Mar 29 20:39:31 +0000 2017,847186479717736400,RT @TheTweetwit: Donald Trump saying he respects women and they love him #IsKindaOverrated https://t.co/Ux9EH9MoZ3,2528702076,"J.R. Wright, author",jrwrightchd,Texas,22332,24018,Wed May 28 01:02:07 +0000 2014,Pacific Time (US & Canada),C0DEED,http://pbs.twimg.com/profile_images/482523285477801984/EiveKRQE_normal.jpeg,,,,,,,,,,,,
Wed Mar 29 20:39:31 +0000 2017,847186480178929700,"RT @yashar: Trump on Harriet Tubman ""She was very, very courageous...believe me.""

We don't need convincing on this one - but thanks.",17917257,Peter Pappas,edteck,"Portland, OR",4615,392,Sat Dec 06 05:20:44 +0000 2008,Pacific Time (US & Canada),1A1B1F,http://pbs.twimg.com/profile_images/613149424508801024/bZXfKQKv_normal.jpg,,,,,,,,,,,,
Wed Mar 29 20:39:31 +0000 2017,847186480069877800,Trump is a bigot and a villain. He MUST be impeached.  We need competent leaders from this generation to step up and take charge!,2194650906,Grant Dexel,DaechselGrant,,279,275,Thu Nov 14 18:23:08 +0000 2013,Pacific Time (US & Canada),C0DEED,http://pbs.twimg.com/profile_images/818558354310254592/z_ApWpi9_normal.jpg,,,,,,,,,,,,
Wed Mar 29 20:39:31 +0000 2017,847186479809990700,"RT @mkraju: BURR says it's ""crazy"" to rule out Trump-Russia coordination, even though WH has called it a ""hoax."" Our exchange: https://t.co…",131056491,Lisa  🗽🇺🇸🌎✌,chickilopiccolo,Earth,2410,4996,Fri Apr 09 04:03:18 +0000 2010,Central Time (US & Canada),FCEBB6,http://pbs.twimg.com/profile_images/839982006943531008/A1JQ1uVC_normal.jpg,,,,,,,,,,,,
Wed Mar 29 20:39:31 +0000 2017,847186480304996400,RT @hankgreen: Has anyone written about how Trump is intentionally surrounding himself only with white men in photo ops. Must be s… ,2525630479,Burning Brigid Media,BurningBrigid,"Chicago, IL",456,462,Mon May 26 18:39:55 +0000 2014,,C0DEED,http://pbs.twimg.com/profile_images/483013745312952320/9M-iLMD6_normal.png,,,,,,,,,,,,
Wed Mar 29 20:39:31 +0000 2017,847186480338518000,RT @ektrit: Erdogan taking western hostages just like a bonafide Islamic Terrorist. https://t.co/mGObwoN9E6,19346439,Louise Mensch,LouiseMensch,Conservative.  Optimist ,216470,14433,Thu Jan 22 16:36:16 +0000 2009,Eastern Time (US & Canada),0099B9,http://pbs.twimg.com/profile_images/832767737961123840/6lqh9G1P_normal.jpg,,,,,,,,,,,,
Wed Mar 29 20:39:31 +0000 2017,847186480397213700,RT @JessicaValenti: 🙃 https://t.co/FNTjhB7Dpz,789537871,Fotini,olivefotini,"Texas, USA",1900,3412,Wed Aug 29 15:07:35 +0000 2012,Central Time (US & Canada),642D8B,http://pbs.twimg.com/profile_images/837124934505750529/WwKevekj_normal.jpg,,,,,,,,,,,,
Wed Mar 29 20:39:31 +0000 2017,847186480791519200,Reporter Compares Mike Pence To Sharia Law https://t.co/MokO1sFHme #Politics #Trump #USA,759414372984721400,US Government Report,USGovReport,United States,448,12,Sat Jul 30 15:44:30 +0000 2016,Eastern Time (US & Canada),F5F8FA,http://pbs.twimg.com/profile_images/821564873624559617/acaYXbtY_normal.jpg,,,,,,,,,,,,
Wed Mar 29 20:39:31 +0000 2017,847186480686616600,Must a a #trump fan https://t.co/k6oTOfI8ve,770672851913478100,☘ Lee O'Pallis ☘,MadinMiami,The world,193,337,Tue Aug 30 17:21:41 +0000 2016,,F5F8FA,http://pbs.twimg.com/profile_images/830236032939470850/UEy0zpmE_normal.jpg,,,,,,,,,,,,
Wed Mar 29 20:39:31 +0000 2017,847186480921481200,RT @alfonslopeztena: Poll: Majority of Americans want independent commission to investigate Trump-Russia ties:
66% to 29%
https://t.co/Mhb2…,253382876,altor,OccupyCoscienza,...what's it to you?,1204,1852,Thu Feb 17 03:47:03 +0000 2011,Eastern Time (US & Canada),352726,http://pbs.twimg.com/profile_images/1823161173/6865517847_200f794380_z_normal.jpg,,,,,,,,,,,,
Wed Mar 29 20:39:31 +0000 2017,847186481445716000,RT @ABCPolitics: Pres. Trump expected to sign bill allowing internet providers to sell user's web data without their permission… ,831695714056953900,JoeTrudeau,IAmJoeTrudeau,Canada,10347,940,Wed Feb 15 02:44:45 +0000 2017,,000000,http://pbs.twimg.com/profile_images/831697115965329410/akVYvt2T_normal.jpg,,,,,,,,,,,,
Wed Mar 29 20:39:31 +0000 2017,847186481684906000,"Ivanka Trump, Shifting Plans, Will Become a Federal Employee, via @nytimes https://t.co/HJIoGY5Cq0",35257580,modifiedmotherhood,azxure,SoFl,348,216,Sat Apr 25 17:07:38 +0000 2009,Eastern Time (US & Canada),EBEBEB,http://pbs.twimg.com/profile_images/621377941369323520/UCuZN144_normal.jpg,,,,,,,,,,,,
Wed Mar 29 20:39:31 +0000 2017,847186481625968600,Why can’t Trump or Spicer give a straight answer about hate crimes? Four theories: https://t.co/Py0mA8rhlX via @slate,234059290,Professor Booty,ProfBootyPhD,"Salt Lake City,UT, USA",1642,2335,Tue Jan 04 19:11:39 +0000 2011,Pacific Time (US & Canada),000000,http://pbs.twimg.com/profile_images/551855299502411776/KWfPbWk5_normal.jpeg,,,,,,,,,,,,