"created_at","id","text","user_id","user_name","user_screen_name","user_location","user_followers_count","user_friends_count","user_created_at","user_time_zone","user_profile_background_color","user_profile_image_url","geo","coordinates","place"
"Thu Mar 30 00:22:05 +0000 2017",847242492269412400,"RT @brianklaas: Days before dropping to 35% approval rating:\n\nObama: Never\nW Bush: 1,927\nClinton: Never\nHW Bush: 1,278\nReagan: Never\nCarter…",1468037436,"Justin Cook","Accidental_PR","Hollywoodland",444,1710,"Wed May 29 19:22:14 +0000 2013","Pacific Time (US & Canada)","C0DEED","http://pbs.twimg.com/profile_images/522578557814734848/3yU9LSiE_normal.jpeg",,,
"Thu Mar 30 00:22:05 +0000 2017",847242491963166700,"RT @theinclinepgh: ""We’re actively working on it,"" Jackie Evancho says of meeting with Trump about trans rights https://t.co/RR0zybMgsh via…",812920723383713800,"Novice Skiier","onebadxo",,211,1165,"Sun Dec 25 07:19:38 +0000 2016",,"000000","http://pbs.twimg.com/profile_images/813525186452434944/29k46Z3N_normal.jpg",,,
"Thu Mar 30 00:22:05 +0000 2017",847242491950542800,"RT @samsteinhp: Trump's plan to gut legal aid would hurt the red states he pledged to help https://t.co/O6BSVZjArC by @ryanjreilly",489596897,"Diane Toucan","DianeToucan",,2019,935,"Sat Feb 11 17:54:21 +0000 2012","Central Time (US & Canada)","C0DEED","http://pbs.twimg.com/profile_images/422495603050827776/Ohgl0L_n_normal.jpeg",,,
"Thu Mar 30 00:22:05 +0000 2017",847242492189618200,"RT @ReutersUS: Seattle sues Trump administration over threat to 'sanctuary' cities https://t.co/q5qqXEpZc9",1345722432,"Liz B","LizzB17",,63,267,"Fri Apr 12 01:54:18 +0000 2013","Mountain Time (US & Canada)","131516","http://pbs.twimg.com/profile_images/3509065353/86927e1ecf6860261bbea612366b4e44_normal.jpeg",,,
"Thu Mar 30 00:22:05 +0000 2017",847242492562899000,"RT @ERICBALFOUR: This is the face of a dickhead.  https://t.co/CQOHSexwQs",193181788,"Teresa Lyons","tbabblin","California",30,31,"Tue Sep 21 05:06:40 +0000 2010",,"C0DEED","http://pbs.twimg.com/profile_images/1149078479/buffy_vamp_normal.jpg",,,
"Thu Mar 30 00:22:05 +0000 2017",847242492294471700,"RT @Deplorablekath: Melania Trump: ‘Era of Allowing Brutality Against Women and Children Is Over’ https://t.co/0HjaA7NuVo https://t.co/lftW…",421612493,"ed gardner","playsbass24",,115,219,"Sat Nov 26 05:05:41 +0000 2011",,"C0DEED","http://abs.twimg.com/sticky/default_profile_images/default_profile_1_normal.png",,,
"Thu Mar 30 00:22:05 +0000 2017",847242492487417900,"RT @Politics_PR: Flashback: When Trump was asked what is your plan to defeat ISIS? He said this:  @OathKeeper101st &lt;- Your hero righ… ",727937184649470000,"cindelljo","cindelljo","97526",279,431,"Wed May 04 19:05:24 +0000 2016",,"F5F8FA","http://pbs.twimg.com/profile_images/845002430492258304/pPr3fAvB_normal.jpg",,,
"Thu Mar 30 00:22:05 +0000 2017",847242492277702700,"RT @ThyBigfella_: RT if you're calm , cool and collected and fuck with the vision. https://t.co/TBymlc9Hgj",2569052772,"mo👑","_morriane","New Orleans, LA",737,444,"Sun Jun 15 13:54:56 +0000 2014",,"C0DEED","http://pbs.twimg.com/profile_images/834837057482657792/r8mUYF0Y_normal.jpg",,,
"Thu Mar 30 00:22:05 +0000 2017",847242492751654900,"I liked a @YouTube video https://t.co/BnbmZCm3w4 Here’s How This Will End for Trump | The Resistance with Keith Olbermann | GQ",91593589,"Debra Womack","dubbage42","Martin, GA",280,170,"Sat Nov 21 15:38:24 +0000 2009","Eastern Time (US & Canada)","642D8B","http://pbs.twimg.com/profile_images/778073681050337281/E7dBkIP7_normal.jpg",,,
"Thu Mar 30 00:22:05 +0000 2017",847242492047118300,"RT @yasminahmad7: ⚡️ “Ivanka Trump will take an official, unpaid role in the White House”\n\nhttps://t.co/AvzKyIyQvo",2837118205,"Kamran Farid","KamranFarid4","Gujranwala, Pakistan",1434,845,"Wed Oct 01 19:00:22 +0000 2014",,"C0DEED","http://pbs.twimg.com/profile_images/846616359421272064/RToJ7fAH_normal.jpg",,,
"Thu Mar 30 00:22:06 +0000 2017",847242493275942900,"RT @brianklaas: Days before dropping to 35% approval rating:\n\nObama: Never\nW Bush: 1,927\nClinton: Never\nHW Bush: 1,278\nReagan: Never\nCarter…",283646612,"Keith Simon","SimonSays_145","The HH & Atlanta",80,235,"Sun Apr 17 18:29:48 +0000 2011","Mountain Time (US & Canada)","131516","http://pbs.twimg.com/profile_images/610174258531147776/DM5tytGy_normal.jpg",,,
"Thu Mar 30 00:22:05 +0000 2017",847242492424601600,"RT @StevePieczenik: #Maga #Tcot #patriot @tillmanair #trump https://t.co/GhHkaJXRO3",782722070413213700,"Marybs","marybs1978",,198,162,"Sun Oct 02 23:20:58 +0000 2016",,"F5F8FA","http://abs.twimg.com/sticky/default_profile_images/default_profile_4_normal.png",,,
"Thu Mar 30 00:22:06 +0000 2017",847242493561262100,"Will Trump's EPA greenlight a pesticide known to damage kids' brains? https://t.co/yJl5malqqp via @MotherJones",210415891,"Billy Holiday","BilyHoliday","nj",317,180,"Sun Oct 31 11:34:11 +0000 2010","Atlantic Time (Canada)","000000","http://pbs.twimg.com/profile_images/737309366416592896/9Og3woKs_normal.jpg",,,
"Thu Mar 30 00:22:05 +0000 2017",847242492974055400,"RT @jkarsh: His approval rating is almost small enough for him to wrap his tiny hands around it. https://t.co/5jYbs52x4m",800540782893535200,"Teresa Hutson","TeresaHutson1","Midwest ",2127,3132,"Mon Nov 21 03:26:10 +0000 2016",,"F5F8FA","http://pbs.twimg.com/profile_images/822239625032896513/RPYuedh7_normal.jpg",,,
"Thu Mar 30 00:22:06 +0000 2017",847242493770866700,"RT @irmahinojosa_: Congrats Ivanka Trump! Wise to have a successful role model be an unpaid assistant to the President. Her expertise… ",2569540051,"RockStarWolf 🇺🇸","RockStarWolf8","Alaska , USA",509,189,"Sun Jun 15 19:22:11 +0000 2014","Midway Island","000000","http://pbs.twimg.com/profile_images/845910606360170498/HSldHK8J_normal.jpg",,,
"Thu Mar 30 00:22:06 +0000 2017",847242493242392600,"THE PROBLEM IS THAT THE LIBERASL AGREE= HALF OF THE COUNTRY &amp; THE 2/3 OF THE REPUBS DON'T GIVE A DAMN! IT IS UP TO… https://t.co/5rl05RW7v5",735258344382824400,"Bill R.","reaganiteusa","America",226,249,"Tue May 24 23:57:04 +0000 2016",,"000000","http://pbs.twimg.com/profile_images/735569918020620288/b7coy2k3_normal.jpg",,,
"Thu Mar 30 00:22:06 +0000 2017",847242493833781200,"Just imagine https://t.co/TLU7vhWcas",806488070535213000,"Susan A  Farrell","SusanAFarrell23",,45,138,"Wed Dec 07 13:18:34 +0000 2016",,"F5F8FA","http://pbs.twimg.com/profile_images/807048097696219138/ScsXWP0y_normal.jpg",,,
"Thu Mar 30 00:22:06 +0000 2017",847242493913583600,"RT @LeoDiCaprio: #ClimateMayors challenge @POTUS on roll back of climate leadership, urge to join in creating economy of 21st century https…",135608644,"Aunt Chrissy","christeenybopp","New York, NY",314,189,"Wed Apr 21 19:59:44 +0000 2010","Eastern Time (US & Canada)","000000","http://pbs.twimg.com/profile_images/831180539994443780/Y_o6lj7w_normal.jpg",,,
"Thu Mar 30 00:22:06 +0000 2017",847242494551105500,"RT @BettyBowers: Ivanka Trump® is an “unpaid” employee? 😂 She's going to wring more 💰 out of that job than any ""paid"" employee in hi… ",1199052942,"annejo 📎","annejowrites",,2344,3415,"Wed Feb 20 00:18:04 +0000 2013","Atlantic Time (Canada)","000000","http://pbs.twimg.com/profile_images/822570466506395648/surLLbg5_normal.jpg",,,
"Thu Mar 30 00:22:06 +0000 2017",847242494194483200,"RT @CBSEveningNews: Intel chairman says Russia hired more than 1000 hackers to create fake, anti-Clinton news in key states, won by Tru… ",827583061109805000,"Bob Roberts","_Bob_Roberts_",,80,360,"Fri Feb 03 18:22:32 +0000 2017",,"F5F8FA","http://pbs.twimg.com/profile_images/827584919639461888/884ponYH_normal.jpg",,,
"Thu Mar 30 00:22:06 +0000 2017",847242494127382500,"RT @ChelseaClinton: Do you think Trump knows Susan B. Anthony &amp; Frederick Douglass were friends? Worked together on universal suffrage?… ",31397281,"cececville","cececville","United States",69,281,"Wed Apr 15 12:40:58 +0000 2009","Eastern Time (US & Canada)","000000","http://pbs.twimg.com/profile_images/772860140/Snow_birds_normal.jpg",,,
"Thu Mar 30 00:22:06 +0000 2017",847242494253219800,"RT @McFaul: As is the National Security Advisor . She has the same rank as General McMaster (3 stars) https://t.co/G2AoItpaE2",4798840780,"Steve G","steveg1425","in my big comfy chair",857,850,"Wed Jan 13 23:42:37 +0000 2016",,"F5F8FA","http://pbs.twimg.com/profile_images/815344608209207296/o7Zauxvs_normal.jpg",,,
"Thu Mar 30 00:22:06 +0000 2017",847242494161018900,"What was the amount....97 cr https://t.co/Mma7IDIBOA",84145649,"tanveer ikram","TanveerIkram","New Delhi, India",246,171,"Wed Oct 21 19:46:32 +0000 2009","New Delhi","ACDED6","http://pbs.twimg.com/profile_images/785513838477058048/mf-fJb2I_normal.jpg",,,
"Thu Mar 30 00:22:06 +0000 2017",847242494668529700,"RT @lis16stev: The citizens of our great country will help the President, Mr.Trump, to drain the swamp. https://t.co/GTg3gdVrWv",822463092332363800,"steven emerson","lis16stev",,2540,2933,"Fri Jan 20 15:17:36 +0000 2017",,"F5F8FA","http://pbs.twimg.com/profile_images/822467992151793665/w7nK5mEG_normal.jpg",,,
"Thu Mar 30 00:22:06 +0000 2017",847242494798479400,"RT @GeorgiaLogCabin: Gay Dems fall for fake census news https://t.co/WmXRLLxB9R #Rights #National",124751017,"Cupcake Schotzie","schotziejlk","Milwaukee Area of Wisconsin",1079,1942,"Sat Mar 20 12:48:17 +0000 2010","Central Time (US & Canada)","25222B","http://pbs.twimg.com/profile_images/456239256638210048/dWCMZ7XJ_normal.jpeg",,,
"Thu Mar 30 00:22:06 +0000 2017",847242495234687000,"RT @michaelianblack: Consider: Ivanka Trump now her dad's ""unpaid employee."" Another word for that is ""White House intern."" Definitely not…",34354758,"Tom Lorenzo","ragingbull1990","New York",142,499,"Wed Apr 22 18:36:19 +0000 2009","Quito","9AE4E8","http://pbs.twimg.com/profile_images/646274979613511680/gQWo-mrr_normal.jpg",,,
"Thu Mar 30 00:22:06 +0000 2017",847242495394107400,"RT @ObamaMalik: Trump is going to build a big beautiful wall with a door in the middle that allows 'legal' immigrants to enter the country…",157034798,"#EndHumanTrafficking","TrinityBeliever","PEDOGATE VICTIM VIDEO BELOW",7512,4859,"Fri Jun 18 17:19:09 +0000 2010","Pacific Time (US & Canada)","000000","http://pbs.twimg.com/profile_images/825440019057827840/K1zcqwgn_normal.jpg",,,
"Thu Mar 30 00:22:06 +0000 2017",847242494442061800,"Melania Trump: ‘Era of Allowing Brutality Against Women and Children Is Over’ https://t.co/CsiO4qLhHl https://t.co/uN98ZB9EQi",831552733354291200,"Shawn","ShawnSw95270",,1709,4493,"Tue Feb 14 17:16:35 +0000 2017",,"F5F8FA","http://pbs.twimg.com/profile_images/831553365725286401/RuFWY5qH_normal.jpg",,,
"Thu Mar 30 00:22:06 +0000 2017",847242495603785700,"RT @sparksjls: ""That was some weird shit."" -George W. Bush after Trump's inaugural address https://t.co/WAxRi9GPRE https://t.co/rm182WJBMa",134337406,"June Geiger","So_meow",,408,190,"Sun Apr 18 04:07:15 +0000 2010","Eastern Time (US & Canada)","DBE9ED","http://pbs.twimg.com/profile_images/840341926/andywarhol008-225-5040-so-meow2_normal.jpg",,,
"Thu Mar 30 00:22:06 +0000 2017",847242495939326000,"Join me in telling Congress: Don't fund Trump’s Billion Dollar Plan to Terrorize #Immigrants: https://t.co/8pWpM3GKUR #HereToStay",318075714,"CaraMeL","CaraMello3","California",1409,3814,"Wed Jun 15 22:51:54 +0000 2011",,"000000","http://pbs.twimg.com/profile_images/843903666750865408/f-9XYoRO_normal.jpg",,,
"Thu Mar 30 00:22:06 +0000 2017",847242496010616800,"@TrumpReconing @USATODAY not affiliated with either party but I know Trump dont know crap about politics.",325088068,"christopher jones","Unlimited1Love",,62,177,"Mon Jun 27 18:27:55 +0000 2011","Atlantic Time (Canada)","C0DEED","http://pbs.twimg.com/profile_images/2340530322/8gtbhoylk16r7vdwlor9_normal.jpeg",,,
"Thu Mar 30 00:22:06 +0000 2017",847242496362954800,"RT @thehill: Clinton targets Trump in speech, urges supporters to ""resist, insist, persist, enlist"": https://t.co/KiY0MXlH7K https://t.co/P…",839337879436349400,"Trump Carnage","TrumpCarnage",,31,170,"Wed Mar 08 04:51:59 +0000 2017",,"F5F8FA","http://pbs.twimg.com/profile_images/839610459703521280/D7zGfpD7_normal.jpg",,,
"Thu Mar 30 00:22:06 +0000 2017",847242495830351900,"RT @McFaul: As is the National Security Advisor . She has the same rank as General McMaster (3 stars) https://t.co/G2AoItpaE2",3963142993,"Stephanie","unprofesssional",,78,194,"Tue Oct 20 23:35:49 +0000 2015",,"C0DEED","http://pbs.twimg.com/profile_images/845909443694882816/i2ODsZFj_normal.jpg",,,
"Thu Mar 30 00:22:06 +0000 2017",847242496144883700,"RT @ActualEPAFacts: Ivanka Trump: born halfway to home plate and thought she hit a home run. The epitome of what is wrong with privilege an…",809982189593067500,"Katrina Poblinka","KPoblinka",,60,85,"Sat Dec 17 04:42:57 +0000 2016",,"F5F8FA","http://pbs.twimg.com/profile_images/815508279992451072/_h47TaVF_normal.jpg",,,
"Thu Mar 30 00:22:06 +0000 2017",847242496446931000,"RT @TheEconomist: Donald Trump launches an attack on climate-change policy https://t.co/cYCxOrJMBY",3054167528,"z","ZachDombrowskl",,29,1677,"Mon Mar 02 00:58:04 +0000 2015","International Date Line West","C0DEED","http://pbs.twimg.com/profile_images/765253296894386176/746lvDTy_normal.jpg",,,
"Thu Mar 30 00:22:06 +0000 2017",847242496228769800,"RT @therealbenshady: This monster is trying to erase people from history. https://t.co/FHxqveyIJi",2945112621,"Ryan Stice","Mah_Bouldah","Abilene, TX ya'll",33,122,"Sun Dec 28 02:09:17 +0000 2014",,"C0DEED","http://pbs.twimg.com/profile_images/549026205962223616/Grr01EqC_normal.jpeg",,,
"Thu Mar 30 00:22:06 +0000 2017",847242496115564500,"RT @ericgarland: Same news, lede unburied. https://t.co/BVnULj4ozP",18589806,"Stacy Parker LeMelle","StacyLeMelle","NYC",3995,3895,"Sat Jan 03 23:30:13 +0000 2009","Quito","94D487","http://pbs.twimg.com/profile_images/842432552312938496/aA96WHsz_normal.jpg",,,
"Thu Mar 30 00:22:06 +0000 2017",847242496920899600,"RT @brianklaas: Days before dropping to 35% approval rating:\n\nObama: Never\nW Bush: 1,927\nClinton: Never\nHW Bush: 1,278\nReagan: Never\nCarter…",1247466074,"D'Ann","DAnnStelly",,122,151,"Wed Mar 06 23:15:36 +0000 2013",,"C0DEED","http://pbs.twimg.com/profile_images/580470945535639552/eAB6ouGK_normal.jpg",,,
"Thu Mar 30 00:22:06 +0000 2017",847242496916602900,"RT @marklevinshow: SOMEBODY AT THE HIGHEST LEVEL OF THE OBAMA ADMIN TRIED TO CRIPPLE THE TRUMP PRESIDENCY. DON'T MISS TONIGHT'S... https://…",3385997379,"freedomfighter","draintheswamp55",,911,2241,"Tue Jul 21 16:25:49 +0000 2015","Pacific Time (US & Canada)","000000","http://pbs.twimg.com/profile_images/813178866806247424/Lj5aZ5Bd_normal.jpg",,,
"Thu Mar 30 00:22:06 +0000 2017",847242496232931300,"RT @ericgeller: President Trump just extended the ""national emergency"" that underpins Obama's cyber sanctions executive order. https://t.co…",1222581625,"Matthew Levitt","Levitt_Matt","Washington, DC",12923,1527,"Tue Feb 26 17:37:59 +0000 2013","Eastern Time (US & Canada)","C0DEED","http://pbs.twimg.com/profile_images/3311568697/557fb78ae59ec35a78c8c37a32b45ed0_normal.jpeg",,,
"Thu Mar 30 00:22:06 +0000 2017",847242497050923000,"RT @sandyturner01: @sweeteypie1118 @teetads @lrmorellana @ChelseaClinton trump is not &amp; never will be my president. I was raised not to fol…",508163912,"Nana & Rory's Abi","lrmorellana","Kissimmee Florida",488,822,"Wed Feb 29 00:55:46 +0000 2012",,"642D8B","http://pbs.twimg.com/profile_images/847074756016910336/DklTbz5K_normal.jpg",,,
"Thu Mar 30 00:22:06 +0000 2017",847242496639868900,"RT @peterdaou: Russia deployed 1000 anti-Hillary propagandists in key states and people still pretend they had no impact on the ou… ",1957447746,"nope.","taylah_italiah","ATX",126,621,"Sat Oct 12 20:55:16 +0000 2013",,"642D8B","http://pbs.twimg.com/profile_images/743927974823501824/rE9bsRoq_normal.jpg",,,
"Thu Mar 30 00:22:07 +0000 2017",847242497231167500,"RT @drscott_atlanta: WOW‼\n\n#Democrats☠ have been cheating for so long they can't recognize it\n\n#obama deputy CONFIRMS spying on #Trump😳\n\nht…",794179776,"Smitty jr33","smittyjr33","SUNSHINE STATE",583,718,"Fri Aug 31 16:18:41 +0000 2012","Eastern Time (US & Canada)","131516","http://pbs.twimg.com/profile_images/3461710815/e6883e3562ddc1a0ac1ed42f7ac4d764_normal.jpeg",,,
"Thu Mar 30 00:22:07 +0000 2017",847242497508102100,"RT @MaxineWaters: Trump is hiding something. This is why he continues to lie &amp; distract from investigations.The truth will be uncovered &amp; h…",1378179548,"Duane Brown","deweytoo","Palm Springs, CA",77,158,"Wed Apr 24 22:59:49 +0000 2013",,"C0DEED","http://pbs.twimg.com/profile_images/637878838962229248/QjMd9z90_normal.jpg",,,
"Thu Mar 30 00:22:06 +0000 2017",847242496543293400,"RT @lisatozzi: No, because that didn't happen. But I do remember Trump calling NYT “a great, great American jewel, world jewel.” https://t.…",232189184,"Kristin Hussey","kristinhussey1","Connecticut",580,1520,"Thu Dec 30 13:41:17 +0000 2010","Eastern Time (US & Canada)","000000","http://pbs.twimg.com/profile_images/838371689796878336/hioKtf3g_normal.jpg",,,
"Thu Mar 30 00:22:06 +0000 2017",847242496975396900,"RT @GeorgeTakei: Watch for Trump to torpedo Obamacare by not enforcing the individual mandate or not reimbursing insurance cos. He wants to…",33288569,"Good Mojo","kathabelle","Orlando, FL",40,123,"Sun Apr 19 19:31:00 +0000 2009","Eastern Time (US & Canada)","352726","http://pbs.twimg.com/profile_images/512254664/Photo08111510_1_normal.jpg",,,
"Thu Mar 30 00:22:07 +0000 2017",847242497231208400,"RT @peterdaou: Russia deployed 1000 anti-Hillary propagandists in key states and people still pretend they had no impact on the ou… ",753322826678014000,"Nicole Montgomery","DaphneRoseLux","United States",211,730,"Wed Jul 13 20:18:52 +0000 2016",,"F5F8FA","http://pbs.twimg.com/profile_images/828396139913306112/W_CIyEQ3_normal.jpg",,,
"Thu Mar 30 00:22:07 +0000 2017",847242497952632800,"Obama official admits intelligence gathered on Trump https://t.co/X4QRMBTF0n via @RaptureForums",32252135,"Rapture Forums","RaptureForums",,4610,3008,"Fri Apr 17 01:59:21 +0000 2009","Central Time (US & Canada)","C0DEED","http://pbs.twimg.com/profile_images/464264867/stumbleuponphoto_normal.jpg",,,
"Thu Mar 30 00:22:07 +0000 2017",847242498137178100,"RT @KoalasKingdom: Features a candidate for president whose genteel character represents the precise opposite of Trump’s vulgarity.… ",65270885,"Frank Lourenço","generallfrank",,201,27,"Thu Aug 13 04:13:11 +0000 2009","Georgetown","C0DEED","http://abs.twimg.com/sticky/default_profile_images/default_profile_1_normal.png",,,
"Thu Mar 30 00:22:07 +0000 2017",847242498120360000,"RT @PerfectAdequate: My 8 year old niece died from an asthma attack 5 years ago, /I/ have asthma. This is personal. https://t.co/hE65WuRGUr",2480083422,"Gareth Morgan-Jones","Gwydion620","Auburn, AL",673,136,"Tue May 06 17:03:02 +0000 2014",,"C0DEED","http://pbs.twimg.com/profile_images/496343802915737600/EOMHstqn_normal.jpeg",,,
"Thu Mar 30 00:22:07 +0000 2017",847242498414043100,"RT @CarringtonWard: @Slo_D @CBSEveningNews @jeffpeguescbs The real news on Trump will doom him.",738149798964908000,"Di Angelo_T","Di_AngeloT","Belfast. Houston. France.",323,407,"Wed Jun 01 23:26:41 +0000 2016",,"F5F8FA","http://pbs.twimg.com/profile_images/738212279863283712/mN3hZGbN_normal.jpg",,,
"Thu Mar 30 00:22:07 +0000 2017",847242498401378300,"RT @RobbieGramer: Today I asked Bush's former CIA &amp; NSA director if Trump was endangering national security. His answer: ""Yes.""\nhttps://t.c…",2305739042,"Sal Mallard","aperiotruth",,795,1183,"Thu Jan 23 01:25:08 +0000 2014","Pacific Time (US & Canada)","1A1B1F","http://pbs.twimg.com/profile_images/822833927123386368/0exT2UAE_normal.jpg",,,
"Thu Mar 30 00:22:07 +0000 2017",847242498468569100,"RT @Dave_Barabas: So now Ivanka Trump is ""Assistant to the President."" Another person who doesn't know anything, in a job they aren't quali…",53046002,"B. Justice","zefirotorna","Everywhere",1661,871,"Thu Jul 02 12:16:34 +0000 2009","Eastern Time (US & Canada)","000000","http://pbs.twimg.com/profile_images/354756768/winds_normal.png",,,
"Thu Mar 30 00:22:07 +0000 2017",847242497965277200,"RT @AngryBlackLady: Irony just up and died.\n\nThrew up its hands and was like ""fuck it!"" and straight up died. https://t.co/2QL2fsfnZK",562253140,"Carolyn Ellis","CarolynEllis5","Arizona, USA",201,309,"Tue Apr 24 18:46:09 +0000 2012",,"C0DEED","http://pbs.twimg.com/profile_images/837467576523378690/V5Ld7A0I_normal.jpg",,,
"Thu Mar 30 00:22:07 +0000 2017",847242498883715100,"RT @docrocktex26: Trump’s Twitter tantrum fails to stop company from sending jobs overseas https://t.co/gVFMe5J5JG via @shareblue",822638755135844400,"Cheryl Rynearson","crynearson22","Florida, USA",176,307,"Sat Jan 21 02:55:37 +0000 2017",,"F5F8FA","http://pbs.twimg.com/profile_images/826255414069166080/5cuf7_wn_normal.jpg",,,
"Thu Mar 30 00:22:07 +0000 2017",847242498174996500,"RT @politicalelle: Did you think Chelsea knows Susan B. Anthony would have been appalled by her mother's abortion platform?That she co… ",786799008379392000,"Extreme Felicis 🇺🇸","respicite","United States",1421,1783,"Fri Oct 14 05:21:16 +0000 2016","Pacific Time (US & Canada)","F5F8FA","http://pbs.twimg.com/profile_images/800842240205684736/LGeSz3FP_normal.jpg",,,
"Thu Mar 30 00:22:07 +0000 2017",847242498996973600,"RT @brianklaas: Days before dropping to 35% approval rating:\n\nObama: Never\nW Bush: 1,927\nClinton: Never\nHW Bush: 1,278\nReagan: Never\nCarter…",12846722,"kochmanski","kochmanski","Pittsburgh",81,412,"Tue Jan 29 21:08:26 +0000 2008","Eastern Time (US & Canada)","C0DEED","http://pbs.twimg.com/profile_images/431611308773888002/L5wnrWkD_normal.jpeg",,,
"Thu Mar 30 00:22:07 +0000 2017",847242498669924400,"RT @IndyK46220: @1282Ugo @Adnkronos\n/\nSmart Americans are with Trump ♥️🇺🇸 and against EU Islamic Fascist invaders! There many of u… ",3065903441,"Bacci Sanchez","bacclsanchez","nyc - mia",39,1620,"Mon Mar 02 04:28:35 +0000 2015","International Date Line West","C0DEED","http://pbs.twimg.com/profile_images/770369008730271744/YhJdu8cS_normal.jpg",,,
"Thu Mar 30 00:22:07 +0000 2017",847242498401488900,"RT @grantsamms: In honor of #Trump scrapping the #CleanPowerPlan, I present 1940's Pittsburg without #pollution controls. What's th… ",2260072097,"Bruce","bruce616827","the valley",329,1170,"Fri Jan 03 13:50:29 +0000 2014",,"C0DEED","http://pbs.twimg.com/profile_images/808215513495113729/IbyibXzQ_normal.jpg",,,
"Thu Mar 30 00:22:07 +0000 2017",847242499080859600,"RT @_Makada_: Just got my copy of ""The Making of the President 2016: How Donald Trump Orchestrated a Revolution"" by… ",341152802,"#FreeJulian","superbug75","Arizona, USA",484,767,"Sat Jul 23 22:09:42 +0000 2011","Mountain Time (US & Canada)","ACDED6","http://pbs.twimg.com/profile_images/807278952322461696/arfx_BJy_normal.jpg",,,
"Thu Mar 30 00:22:07 +0000 2017",847242499160629200,"RT @brianklaas: Days before dropping to 35% approval rating:\n\nObama: Never\nW Bush: 1,927\nClinton: Never\nHW Bush: 1,278\nReagan: Never\nCarter…",331854057,"Kirsten","rollrightalong","Florida",115,160,"Fri Jul 08 20:35:05 +0000 2011","Eastern Time (US & Canada)","000000","http://pbs.twimg.com/profile_images/767860876892368896/2y9T5IPM_normal.jpg",,,
"Thu Mar 30 00:22:07 +0000 2017",847242499101818900,"RT @mikandynothem: ✔ RETWEET✔ if you're an American who agrees Trump's First 60 days are most EXCITING for any President in our lifeti… ",2377368404,"Brenda Cavanagh","Cavanaghbrenda","Gilmer, TX",188,260,"Fri Mar 07 16:44:05 +0000 2014",,"000000","http://pbs.twimg.com/profile_images/591621107649613824/prF0Ib4u_normal.jpg",,,
"Thu Mar 30 00:22:07 +0000 2017",847242499252813800,"RT @Davey_pigeon: My dog wudnt even lick this⚡️ “Trump lollipops are here to benefit Planned Parenthood”\n\nhttps://t.co/C5iBENXLIr",37562827,"Seth H.","StSquiggy","Arkansas",795,796,"Mon May 04 01:48:08 +0000 2009",,"1A1B1F","http://pbs.twimg.com/profile_images/844441654060892161/neNdATVj_normal.jpg",,,
"Thu Mar 30 00:22:07 +0000 2017",847242499231854600,"@marcthiessen where msm? Obama Aide Squeals Live On MSNBC: ‘I Helped Spy On Trump’ https://t.co/Ia0d0T7iRf via @yournewswire",32509756,"jebby","janconcern",,76,286,"Fri Apr 17 18:24:29 +0000 2009",,"C0DEED","http://abs.twimg.com/sticky/default_profile_images/default_profile_6_normal.png",,,
"Thu Mar 30 00:22:07 +0000 2017",847242499554910200,"RT @DeplorableRosi: OBAMA’S ASST SEC DEF Just CONFESSED: OBAMA ORDERED US To SPY ON TRUMP FOR POLITICAL PURPOSES https://t.co/0zQ1OKjVKk ht…",835239803432087600,"Anthony Grau","grau_anthony","Deplorable America",537,1042,"Fri Feb 24 21:27:41 +0000 2017",,"F5F8FA","http://pbs.twimg.com/profile_images/835329321279582209/bEK3lni0_normal.jpg",,,
"Thu Mar 30 00:22:07 +0000 2017",847242499844223000,"RT @JoshNoneYaBiz: Leftist ""role models""wear p*ssy hats, destroy subpoenaed evidence with hammers,threaten to blow up the WH.\n\nIvanka Trump…",31654519,"Diane Carol 🇺🇸","Dianecg4","Las Vegas, NV",1058,714,"Thu Apr 16 05:09:54 +0000 2009","Pacific Time (US & Canada)","FF6699","http://pbs.twimg.com/profile_images/412793519665733632/zjO8URkJ_normal.jpeg",,,
"Thu Mar 30 00:22:07 +0000 2017",847242499512979500,"RT @Alyssa_Milano: #whatareyouhiding https://t.co/yLJEMMPsdw",1110761142,"My man said","MyManSaid",,15,56,"Tue Jan 22 06:30:38 +0000 2013",,"C0DEED","http://pbs.twimg.com/profile_images/823072682878976000/SkOEKs0v_normal.jpg",,,
"Thu Mar 30 00:22:07 +0000 2017",847242498996969500,"#trump #reddit https://t.co/WPQTWMtgZc",3243304845,"Michael Hinze","Eisteesosse",,92,536,"Sat May 09 12:17:09 +0000 2015","Bern","000000","http://pbs.twimg.com/profile_images/597012860183646208/8T1OoQVP_normal.jpg",,,
"Thu Mar 30 00:22:07 +0000 2017",847242499844264000,"Ivanka Trump is making her White House job official https://t.co/cTuXLu94Hy",100680394,"Edna M. Kunkel","ElectriKolor","Verona, WI",269,509,"Thu Dec 31 04:33:46 +0000 2009","Central Time (US & Canada)","552B82","http://pbs.twimg.com/profile_images/707856736/tiger01_sq_normal.png",,,
"Thu Mar 30 00:22:07 +0000 2017",847242500364320800,"RT @JamesFallows: Yes, this is the highest staff title. (“Special asst” sounds fancier but is lower)\n\nCongrats, Ivanka! And w Jared,… ",1910897095,"Jeanine","jeaninejansen99",,17,203,"Fri Sep 27 11:25:30 +0000 2013",,"C0DEED","http://pbs.twimg.com/profile_images/805637918069030912/G7ZDcUd6_normal.jpg",,,
"Thu Mar 30 00:22:07 +0000 2017",847242500049846300,"RT @philosophrob: @MaxineWaters #StayWoke Aunt Maxine, we love you and the entire world hates Trump.  Thanks for being on the right side of…",471721896,"Melanie Swick","melanieswick",,111,457,"Mon Jan 23 05:44:32 +0000 2012","Eastern Time (US & Canada)","000000","http://pbs.twimg.com/profile_images/846927740393574400/WJgcY4wu_normal.jpg",,,
"Thu Mar 30 00:22:07 +0000 2017",847242499949174800,"RT @SenSanders: I hope my Republican colleagues and Mr. Trump will have the guts to support this bill and others and take on the ph… ",215877316,"darkPrince","darkPrince010","Pullman, WA",31,98,"Mon Nov 15 04:41:24 +0000 2010","Tijuana","C0DEED","http://pbs.twimg.com/profile_images/825240739957190657/dMS92FI2_normal.jpg",,,
"Thu Mar 30 00:22:07 +0000 2017",847242499613524000,"No thinking person,likes Trump or his adminstration. Not TED Koppel, Dan Rather, Chuck Todd, Caroline Kennedy, Lest… https://t.co/R4sh54rEq0",802977665028341800,"coolncalm","coolncalm3","United States",356,504,"Sun Nov 27 20:49:28 +0000 2016",,"F5F8FA","http://pbs.twimg.com/profile_images/802986188235829248/KYq-7Pcl_normal.jpg",,,
"Thu Mar 30 00:22:07 +0000 2017",847242500775358500,"RT @KeithOlbermann: Remember: @realDonaldTrump is nuts and hates this 2006 photo. DON'T retweet. Today's #TheResistanceGQ Vol. 53:… ",317135073,"Cleo Rasile","Cleo_Mio","Ohio",19,130,"Tue Jun 14 13:56:44 +0000 2011","Eastern Time (US & Canada)","1878B8","http://pbs.twimg.com/profile_images/813072918360027137/UCdZw-zL_normal.jpg",,,
"Thu Mar 30 00:22:07 +0000 2017",847242500511195100,"RT @PrisonPlanet: Hey I think I'm starting to figure out how anti-Trump trolls ALWAYS appear at the top of the thread. https://t.co/JWIwY8c…",797098611406504000,"Stephanie","stephmom1922","United States",31,733,"Fri Nov 11 15:28:13 +0000 2016",,"F5F8FA","http://pbs.twimg.com/profile_images/843994025581514752/738_GOgz_normal.jpg",,,
"Thu Mar 30 00:22:07 +0000 2017",847242500427268100,"RT @1alexcam: It's a Family Affair: Donald Trump names Ivanka Trump Assistant to the President 😒\nhttps://t.co/gKKTOraoqy\n#melania… ",851359326,"➊AlexCam ⏩","1alexcam","London, England",13410,4734,"Fri Sep 28 16:36:07 +0000 2012","London","569AC7","http://pbs.twimg.com/profile_images/800179946232696833/EG92k8VK_normal.jpg",,,
"Thu Mar 30 00:22:07 +0000 2017",847242500544675800,"Of all the shit ppl should be concerned about right now,  Ivanka Trump doesn't make the list. The KKK is in the west wing. THAT is important",21793387,"X","ChickieX","Outside the Matrix",567,407,"Tue Feb 24 20:29:41 +0000 2009","Central Time (US & Canada)","131516","http://pbs.twimg.com/profile_images/795065181047033857/AWtM9sw7_normal.jpg",,,
"Thu Mar 30 00:22:07 +0000 2017",847242500628594700,"RT @svdate: Trump's ignorance of world affairs may have actually helped during the campaign. Not so much now.… ",881513070,"Tim Chodzin","timchodz","Columbus, Ohio",533,1539,"Mon Oct 15 04:09:38 +0000 2012","Eastern Time (US & Canada)","C0DEED","http://pbs.twimg.com/profile_images/798785661293629440/kn8bOsQF_normal.jpg",,,
"Thu Mar 30 00:22:07 +0000 2017",847242500779589600,"@FoxNews @GeraldoRivera Ryan's plan contradicted Trump's promise to cover everyone, instead was cruel &amp; would take Healthcare from millions!",808437004895748100,"C Farmer","KT93m",,3,87,"Mon Dec 12 22:22:56 +0000 2016","Eastern Time (US & Canada)","F5F8FA","http://pbs.twimg.com/profile_images/826106899837894659/cTTF2WVL_normal.jpg",,,
"Thu Mar 30 00:22:07 +0000 2017",847242500888592400,"Trump’s executive order is the opposite of good business practices | by @CathleenMOKelly https://t.co/kOQrVpY74e",449600949,"SafetyPin-Daily","SafetyPinDaily",,22186,21755,"Thu Dec 29 08:41:26 +0000 2011","Jerusalem","C0DEED","http://pbs.twimg.com/profile_images/833302130828115969/A0VIrQfl_normal.jpg",,,
"Thu Mar 30 00:22:07 +0000 2017",847242500637048800,"RT @brianklaas: Days before dropping to 35% approval rating:\n\nObama: Never\nW Bush: 1,927\nClinton: Never\nHW Bush: 1,278\nReagan: Never\nCarter…",829859839,"pam cooper","pcoop125","Glenville NY",2929,2713,"Mon Sep 17 21:40:04 +0000 2012","Atlantic Time (Canada)","8C0E48","http://pbs.twimg.com/profile_images/829639732917321728/5xF5SdFT_normal.jpg",,,
"Thu Mar 30 00:22:06 +0000 2017",847242496727932900,"See, this photo is bad if you think Trump was throwing out a ceremonial first pitch.\n\nHe was actually ringing the N… https://t.co/ui8VoETIeO",92633340,"European Bunny","tweetyaca","Yorkshire & London ",1176,684,"Wed Nov 25 23:01:14 +0000 2009","London","ABB8C2","http://pbs.twimg.com/profile_images/3412253453/433adf3d650c84a7af137e622c314c3b_normal.jpeg",,,
"Thu Mar 30 00:22:07 +0000 2017",847242501123522600,"RT @SenSanders: Trump's position on climate change is pathetic and an embarrassment to the world. https://t.co/K2bspoh28D",23619856,"Marta Kellam","MartaKellam","Tampa Bay Area, Florida",1155,1566,"Tue Mar 10 17:28:59 +0000 2009","Eastern Time (US & Canada)","ACDED6","http://pbs.twimg.com/profile_images/810610251/Family_Photos_027_normal.jpg",,,
"Thu Mar 30 00:22:07 +0000 2017",847242500859285500,"RT @therealcornett: Make no mistake about it, CNN is not at war against President Trump. They're at war with America!\n#CNN is 100%… ",329463466,"America","america_rise_up","United States",4751,4059,"Tue Jul 05 03:40:51 +0000 2011","Eastern Time (US & Canada)","1A1B1F","http://pbs.twimg.com/profile_images/2869633477/2d623e5b27161c676bc9557ce15bb461_normal.jpeg",,,
"Thu Mar 30 00:22:07 +0000 2017",847242501412896800,"Obamas Former Asst. Defense Secretary ADMITS ON MSNBC Obama Admin Spied on Trump (VIDEO) https://t.co/dkLh7JYRV5",772899092842307600,"Coby 🎋 Troy 🍂","TroyCoby",,5144,4145,"Mon Sep 05 20:47:58 +0000 2016","Pacific Time (US & Canada)","000000","http://pbs.twimg.com/profile_images/791782335729598468/luEF9Lcv_normal.jpg",,,
"Thu Mar 30 00:22:07 +0000 2017",847242500997759000,"RT @CBSEveningNews: Intel chairman says Russia hired more than 1000 hackers to create fake, anti-Clinton news in key states, won by Tru… ",165938084,"Rteefact","Rteefact","Northern Hemisphere",1009,1155,"Mon Jul 12 22:58:24 +0000 2010","Eastern Time (US & Canada)","131516","http://pbs.twimg.com/profile_images/1163047500/Nauman_20AH-HA_normal.jpg",,,
"Thu Mar 30 00:22:08 +0000 2017",847242501454876700,"RT @kwilli1046: ""There are no rules anymore.The elite media will tear apart anyone Trump hangs with. It's disgusting https://t.co/EcFjWPOCX9",1240232587,"BARRY D' WireTapper","JESUSEARTHRETUR","Puerto Nuevo, Puerto Rico",2690,2449,"Mon Mar 04 01:19:32 +0000 2013",,"C0DEED","http://pbs.twimg.com/profile_images/832402392142454784/7hE_8rW7_normal.jpg",,,
"Thu Mar 30 00:22:07 +0000 2017",847242501303840800,"RT @OMAHAGEMGIRL: Trump just gutted the LGBT executive order he promised not to touch\n\nhttps://t.co/J1CDyqstKv",2345891000,"cleo peterson","cleo_peterson","3rd Planet from the Sun",1794,1787,"Sat Feb 15 23:40:25 +0000 2014",,"C0DEED","http://pbs.twimg.com/profile_images/826096236558053376/HOf3m8Ti_normal.jpg",,,
"Thu Mar 30 00:22:07 +0000 2017",847242500955807700,"RT @KeithOlbermann: Remember: @realDonaldTrump is nuts and hates this 2006 photo. DON'T retweet. Today's #TheResistanceGQ Vol. 53:… ",465880084,"(((matty pee)))","mlpasulka",,13,56,"Mon Jan 16 20:48:17 +0000 2012","Central Time (US & Canada)","C0DEED","http://pbs.twimg.com/profile_images/785529562046300160/rA3ja91p_normal.jpg",,,
"Thu Mar 30 00:22:08 +0000 2017",847242501773590500,"RT @DanEggenWPost: Sensing a pattern: The $500m extra in Trump's budget for opioid prevention...was already approved by Obama https://t.co/…",778283990017081300,"Judy Hillman","hillmanjudy1","Massachusetts, USA",6186,6067,"Tue Sep 20 17:25:37 +0000 2016",,"F5F8FA","http://pbs.twimg.com/profile_images/805908418250809344/MeBwvto0_normal.jpg",,,
"Thu Mar 30 00:22:08 +0000 2017",847242501693947900,"RT @SharonShepshan: Squatting Slav TV vs. Trump Protesters - \nVideo for Squatting Slav TV vs. Trump Protesters Squatting Slav TV▶ 5:23\nhttp…",4487940026,"Sharon Shepard","SharonShepshan","Canada",213,473,"Mon Dec 07 17:00:02 +0000 2015",,"C0DEED","http://abs.twimg.com/sticky/default_profile_images/default_profile_3_normal.png",,,
"Thu Mar 30 00:22:08 +0000 2017",847242501748473900,"RT @williamderraugh: Podesta signed over Russian shares to one of his children and because she wasn't ""dependent"" he never disclosed it.… ",741888924713246700,"TJ TJ","tjgeol",,923,1884,"Sun Jun 12 07:04:38 +0000 2016",,"F5F8FA","http://pbs.twimg.com/profile_images/752817663982772225/bLrek8GS_normal.jpg",,,
"Thu Mar 30 00:22:08 +0000 2017",847242502050426900,"RT @AIIAmericanGirI: Ivanka Trump to become official White House employee @FoxNews\nhttps://t.co/h7wmu6GT3p",793643943707586600,"infinte-truth","Daniel96671154",,93,299,"Wed Nov 02 02:40:36 +0000 2016",,"F5F8FA","http://pbs.twimg.com/profile_images/840021488820473856/hqTWjk3O_normal.jpg",,,
"Thu Mar 30 00:22:08 +0000 2017",847242502037839900,"RT @ReaIFML: Sounds like your neighbor also wears a tinfoil hat and supports Trump. https://t.co/QRsBVMxz0K",4047126293,"PUGS ღ","BestOfPugs","Turn on notifications :)",263758,111,"Mon Oct 26 15:46:57 +0000 2015","Pacific Time (US & Canada)","C0DEED","http://pbs.twimg.com/profile_images/678689613322457089/OqTvgb18_normal.jpg",,,
"Thu Mar 30 00:22:08 +0000 2017",847242501916213200,"RT @realDonaldTrump: Thanks you for all of the Trump Rallies today. Amazing support. We will all MAKE AMERICA GREAT AGAIN!",967100605,"arlettespaniak","arlette3939","fort lauderdale, fl",340,561,"Sat Nov 24 00:34:02 +0000 2012",,"C0DEED","http://pbs.twimg.com/profile_images/707416675503742976/USj0WyvR_normal.jpg",,,
"Thu Mar 30 00:22:08 +0000 2017",847242502109184000,"RT @Anthony: tfw Exxon is to the left of the President of the United States on climate change... https://t.co/Pr74eCgTCj",939239497,"R.E. Dasher","RE_Dasher",,215,528,"Sat Nov 10 14:56:57 +0000 2012",,"C0DEED","http://pbs.twimg.com/profile_images/494252987351846914/i6NCkyN7_normal.jpeg",,,
"Thu Mar 30 00:22:08 +0000 2017",847242502679576600,"@FLOTUS @StephGrisham45 @WhiteHouse what a wonderful photographs of our POTUS and FLOTUS we appreciate the Trump family and Steph Grisham!!",759430510204424200,"Cheryl Christas","christas_cheryl",,192,202,"Sat Jul 30 16:48:37 +0000 2016",,"F5F8FA","http://pbs.twimg.com/profile_images/817438811957248000/J-Q3sOAc_normal.jpg",,,
"Thu Mar 30 00:22:08 +0000 2017",847242502549553200,"RT @Havna8: #Trump le désastre pour l' #ecologie \n#savetheplanet #ClimateAction https://t.co/I8yvEmRVoC",3363236158,"Havna8ت","Havna8","le grand bleu....",1752,1518,"Mon Jul 06 22:19:11 +0000 2015",,"000000","http://pbs.twimg.com/profile_images/846443849526464512/Z-UOtRuR_normal.jpg",,,
"Thu Mar 30 00:22:08 +0000 2017",847242502360805400,"Obama Official Describes Last Minute Rush to Spy on Trump Team, Conceal Intel Sources https://t.co/YTaQwIbMIB #Trending via @pjmedia_com",18440701,"TexasAmerica","TexasAmerica","Texas",1156,5001,"Mon Dec 29 03:03:17 +0000 2008","Central Time (US & Canada)","BADFCD","http://pbs.twimg.com/profile_images/3688694722/bff41b80deccd62cba60c427dbb15caa_normal.jpeg",,,
"Thu Mar 30 00:22:08 +0000 2017",847242502872510500,"RT @jfreewright: Also announced: for a limited time, the White House will be producing a line of women's wear called 'Daddy's Girl.'… ",1312460263,"Keisha Ransome 📎💙❄","KeishaRansome22","Jacksonville, Fl",1185,4043,"Fri Mar 29 03:26:44 +0000 2013","Pacific Time (US & Canada)","000000","http://pbs.twimg.com/profile_images/839725983204786176/Lzh2-3jB_normal.jpg",,,