[
  {
    "created_at": "Thu Mar 30 01:06:16 +0000 2017",
    "id": 847253610274537500,
    "text": "RT @peterdaou: Russia deployed 1000 anti-Hillary propagandists in key states and people still pretend they had no impact on the ou… ",
    "user_id": 842196260,
    "user_name": "R L S",
    "user_screen_name": "Mpulsiv19",
    "user_location": null,
    "user_followers_count": 379,
    "user_friends_count": 1081,
    "user_created_at": "Sun Sep 23 18:38:29 +0000 2012",
    "user_time_zone": "Eastern Time (US & Canada)",
    "user_profile_background_color": "C0DEED",
    "user_profile_image_url": "http://pbs.twimg.com/profile_images/823334770474106880/XvrrxNLh_normal.jpg",
    "geo": null,
    "coordinates": null,
    "place": null
  },
  {
    "created_at": "Thu Mar 30 01:06:16 +0000 2017",
    "id": 847253610744299500,
    "text": "RT @nberlat: Trump hasn't \"thrown his lot in\" with an Ayn-Rand worshipping GOP. He's a fucking plutocrat who gorges on the blood of the poo…",
    "user_id": 35511081,
    "user_name": "Godzilla Enthusiast",
    "user_screen_name": "TrexPushups",
    "user_location": null,
    "user_followers_count": 617,
    "user_friends_count": 1118,
    "user_created_at": "Sun Apr 26 17:18:43 +0000 2009",
    "user_time_zone": "Eastern Time (US & Canada)",
    "user_profile_background_color": "C0DEED",
    "user_profile_image_url": "http://pbs.twimg.com/profile_images/676870070153445383/y3lhEWS2_normal.jpg",
    "geo": null,
    "coordinates": null,
    "place": null
  },
  {
    "created_at": "Thu Mar 30 01:06:16 +0000 2017",
    "id": 847253610689736700,
    "text": "RT @emmersbrown: New: Trump's Ed Dept nixes Obama-era grants for school diversity https://t.co/Onbn8Iseuc",
    "user_id": 801117768984756200,
    "user_name": "CommonSense48",
    "user_screen_name": "CommonSense48",
    "user_location": null,
    "user_followers_count": 2167,
    "user_friends_count": 4940,
    "user_created_at": "Tue Nov 22 17:38:54 +0000 2016",
    "user_time_zone": null,
    "user_profile_background_color": "F5F8FA",
    "user_profile_image_url": "http://pbs.twimg.com/profile_images/801125301556281345/VHAqhlQE_normal.jpg",
    "geo": null,
    "coordinates": null,
    "place": null
  },
  {
    "created_at": "Thu Mar 30 01:06:16 +0000 2017",
    "id": 847253611113467900,
    "text": "RT @SethAbramson: FACT 18: Flynn and Kushner snuck Sergey Kislyak--Russia's ambassador/spy--in the back door of Trump Tower as the Ro… ",
    "user_id": 56487487,
    "user_name": "CarolynMartin",
    "user_screen_name": "cjmartin23",
    "user_location": "portland oregon usa",
    "user_followers_count": 105,
    "user_friends_count": 503,
    "user_created_at": "Mon Jul 13 20:46:44 +0000 2009",
    "user_time_zone": null,
    "user_profile_background_color": "C0DEED",
    "user_profile_image_url": "http://pbs.twimg.com/profile_images/2444409216/sy97voi6_normal",
    "geo": null,
    "coordinates": null,
    "place": null
  },
  {
    "created_at": "Thu Mar 30 01:06:16 +0000 2017",
    "id": 847253610878468100,
    "text": "SelfScore makes credit cards for the international students Trump wants to keep out https://t.co/bcw6KAq0D7",
    "user_id": 3297450973,
    "user_name": "Manish Mishra",
    "user_screen_name": "manishr0ckz",
    "user_location": "Maharashtra, India",
    "user_followers_count": 560,
    "user_friends_count": 626,
    "user_created_at": "Mon Jul 27 10:45:20 +0000 2015",
    "user_time_zone": null,
    "user_profile_background_color": "000000",
    "user_profile_image_url": "http://pbs.twimg.com/profile_images/625908861635985408/t9q1fojU_normal.jpg",
    "geo": null,
    "coordinates": null,
    "place": null
  },
  {
    "created_at": "Thu Mar 30 01:06:16 +0000 2017",
    "id": 847253611125948400,
    "text": "RT @MaxineWaters: Trump is hiding something. This is why he continues to lie &amp; distract from investigations.The truth will be uncovered &amp; h…",
    "user_id": 31510951,
    "user_name": "Lee Spaner",
    "user_screen_name": "LeeSpaner",
    "user_location": "Monsey, NY",
    "user_followers_count": 1408,
    "user_friends_count": 635,
    "user_created_at": "Wed Apr 15 20:32:15 +0000 2009",
    "user_time_zone": "America/New_York",
    "user_profile_background_color": "BADFCD",
    "user_profile_image_url": "http://pbs.twimg.com/profile_images/765878086684385280/AgML16dJ_normal.jpg",
    "geo": null,
    "coordinates": null,
    "place": null
  },
  {
    "created_at": "Thu Mar 30 01:06:16 +0000 2017",
    "id": 847253610991726600,
    "text": "RT @IMPL0RABLE: #TheResistance\n\nDems need to win this, and I think they can. If so it will be a big turning point. https://t.co/I3ROnmLllO",
    "user_id": 727293942,
    "user_name": "Debra",
    "user_screen_name": "debperz1",
    "user_location": "FL & N.Y.C :)",
    "user_followers_count": 6109,
    "user_friends_count": 6114,
    "user_created_at": "Tue Jul 31 01:42:23 +0000 2012",
    "user_time_zone": "Atlantic Time (Canada)",
    "user_profile_background_color": "FF0000",
    "user_profile_image_url": "http://pbs.twimg.com/profile_images/2450400216/rm0cj3svuy7gfx12q7ww_normal.jpeg",
    "geo": null,
    "coordinates": null,
    "place": null
  },
  {
    "created_at": "Thu Mar 30 01:06:16 +0000 2017",
    "id": 847253611302211600,
    "text": "RT @Allabouttrump1: Trump Isn’t The Only One Refusing To Attend Correspondents’ Dinner – Look Who Else Cancelled!… ",
    "user_id": 826066498309349400,
    "user_name": "Max k",
    "user_screen_name": "max_kruichak",
    "user_location": "New Mexico, USA",
    "user_followers_count": 490,
    "user_friends_count": 657,
    "user_created_at": "Mon Jan 30 13:56:15 +0000 2017",
    "user_time_zone": null,
    "user_profile_background_color": "F5F8FA",
    "user_profile_image_url": "http://pbs.twimg.com/profile_images/826077416640491521/DtZQtbqY_normal.jpg",
    "geo": null,
    "coordinates": null,
    "place": null
  },
  {
    "created_at": "Thu Mar 30 01:06:16 +0000 2017",
    "id": 847253611281236000,
    "text": "RT @lrozen: so, not for flynn's sake. trump said flynn was doing what he should have been doing, for sake perhaps of someone else.",
    "user_id": 824430755862437900,
    "user_name": "Ranek",
    "user_screen_name": "Siadasha",
    "user_location": "USA",
    "user_followers_count": 90,
    "user_friends_count": 117,
    "user_created_at": "Thu Jan 26 01:36:24 +0000 2017",
    "user_time_zone": null,
    "user_profile_background_color": "F5F8FA",
    "user_profile_image_url": "http://pbs.twimg.com/profile_images/825558128452308992/8f573tu6_normal.jpg",
    "geo": null,
    "coordinates": null,
    "place": null
  },
  {
    "created_at": "Thu Mar 30 01:06:16 +0000 2017",
    "id": 847253611633492000,
    "text": "RT @StockMonsterUSA: Congrats Ivanka Trump!! \nUnlike the jealous left we ADORE you!! Your Strength, Beauty &amp; Courage are Empowering Mill… ",
    "user_id": 822593412687921200,
    "user_name": "Val Carnahan",
    "user_screen_name": "CarnahanVal",
    "user_location": "Willoughby, OH",
    "user_followers_count": 863,
    "user_friends_count": 1604,
    "user_created_at": "Fri Jan 20 23:55:27 +0000 2017",
    "user_time_zone": null,
    "user_profile_background_color": "F5F8FA",
    "user_profile_image_url": "http://pbs.twimg.com/profile_images/839207313508560897/EqUdIU2G_normal.jpg",
    "geo": null,
    "coordinates": null,
    "place": null
  }
]